"site_id","latitude","longitude","elevation_in_meters","state","species_id","genus","species","common_name","kingdom","individual_id","phenophase_id","phenophase_description","first_yes_year","first_yes_month","first_yes_day","first_yes_doy","first_yes_julian_date","numdays_since_prior_no","last_yes_year","last_yes_month","last_yes_day","last_yes_doy","last_yes_julian_date","numdays_until_next_no"
2329,32.354759,-110.939194,961,"AZ",210,"Carnegiea","gigantea","saguaro","Plantae",4865,500,"Flowers or flower buds",2013,5,5,125,2456418,14,2013,5,26,146,2456439,21
2329,32.354759,-110.939194,961,"AZ",210,"Carnegiea","gigantea","saguaro","Plantae",4865,516,"Fruits",2013,5,26,146,2456439,7,2013,6,16,167,2456460,35
2329,32.354759,-110.939194,961,"AZ",210,"Carnegiea","gigantea","saguaro","Plantae",4866,500,"Flowers or flower buds",2013,4,14,104,2456397,7,2013,5,26,146,2456439,21
2329,32.354759,-110.939194,961,"AZ",210,"Carnegiea","gigantea","saguaro","Plantae",4866,501,"Open flowers",2013,5,11,131,2456424,6,2013,5,19,139,2456432,7
2329,32.354759,-110.939194,961,"AZ",210,"Carnegiea","gigantea","saguaro","Plantae",4866,516,"Fruits",2013,5,19,139,2456432,8,2013,5,26,146,2456439,21
2329,32.354759,-110.939194,961,"AZ",210,"Carnegiea","gigantea","saguaro","Plantae",5653,390,"Ripe fruits",2013,1,27,27,2456320,14,2013,2,24,55,2456348,7
2329,32.354759,-110.939194,961,"AZ",210,"Carnegiea","gigantea","saguaro","Plantae",5653,500,"Flowers or flower buds",2013,3,24,83,2456376,7,2013,4,21,111,2456404,14
2329,32.354759,-110.939194,961,"AZ",210,"Carnegiea","gigantea","saguaro","Plantae",5653,500,"Flowers or flower buds",2013,5,11,131,2456424,6,2013,5,26,146,2456439,21
2329,32.354759,-110.939194,961,"AZ",210,"Carnegiea","gigantea","saguaro","Plantae",5653,500,"Flowers or flower buds",2013,7,21,202,2456495,35,2013,7,28,209,2456502,7
2329,32.354759,-110.939194,961,"AZ",210,"Carnegiea","gigantea","saguaro","Plantae",5653,500,"Flowers or flower buds",2013,9,1,244,2456537,7,2013,9,22,265,2456558,17
2329,32.354759,-110.939194,961,"AZ",210,"Carnegiea","gigantea","saguaro","Plantae",5653,501,"Open flowers",2013,5,26,146,2456439,7,2013,5,26,146,2456439,21
2329,32.354759,-110.939194,961,"AZ",210,"Carnegiea","gigantea","saguaro","Plantae",5653,501,"Open flowers",2013,7,28,209,2456502,7,2013,7,28,209,2456502,7
2329,32.354759,-110.939194,961,"AZ",210,"Carnegiea","gigantea","saguaro","Plantae",5653,504,"Recent fruit or seed drop",2013,3,3,62,2456355,7,2013,3,3,62,2456355,7
2329,32.354759,-110.939194,961,"AZ",210,"Carnegiea","gigantea","saguaro","Plantae",5653,516,"Fruits",2013,1,5,5,2456298,-9999,2013,2,24,55,2456348,7
2329,32.354759,-110.939194,961,"AZ",210,"Carnegiea","gigantea","saguaro","Plantae",5653,516,"Fruits",2013,7,28,209,2456502,7,2013,7,28,209,2456502,7
2329,32.354759,-110.939194,961,"AZ",210,"Carnegiea","gigantea","saguaro","Plantae",5653,516,"Fruits",2013,9,15,258,2456551,8,2013,11,3,307,2456600,8
6102,32.23188,-110.951012,743,"AZ",210,"Carnegiea","gigantea","saguaro","Plantae",16042,390,"Ripe fruits",2013,10,23,296,2456589,1,2013,10,23,296,2456589,1
6102,32.23188,-110.951012,743,"AZ",210,"Carnegiea","gigantea","saguaro","Plantae",16042,390,"Ripe fruits",2013,11,9,313,2456606,1,2013,11,9,313,2456606,3
6102,32.23188,-110.951012,743,"AZ",210,"Carnegiea","gigantea","saguaro","Plantae",16042,500,"Flowers or flower buds",2013,9,20,263,2456556,220,2013,10,9,282,2456575,1
6102,32.23188,-110.951012,743,"AZ",210,"Carnegiea","gigantea","saguaro","Plantae",16042,500,"Flowers or flower buds",2013,10,14,287,2456580,4,2013,10,25,298,2456591,2
6102,32.23188,-110.951012,743,"AZ",210,"Carnegiea","gigantea","saguaro","Plantae",16042,500,"Flowers or flower buds",2013,10,30,303,2456596,2,2013,10,31,304,2456597,1
6102,32.23188,-110.951012,743,"AZ",210,"Carnegiea","gigantea","saguaro","Plantae",16042,500,"Flowers or flower buds",2013,11,4,308,2456601,3,2013,11,4,308,2456601,1
6102,32.23188,-110.951012,743,"AZ",210,"Carnegiea","gigantea","saguaro","Plantae",16042,500,"Flowers or flower buds",2013,11,7,311,2456604,1,2013,11,7,311,2456604,1
6102,32.23188,-110.951012,743,"AZ",210,"Carnegiea","gigantea","saguaro","Plantae",16042,501,"Open flowers",2013,10,4,277,2456570,1,2013,10,4,277,2456570,4
6102,32.23188,-110.951012,743,"AZ",210,"Carnegiea","gigantea","saguaro","Plantae",16042,501,"Open flowers",2013,10,14,287,2456580,4,2013,10,14,287,2456580,1
6102,32.23188,-110.951012,743,"AZ",210,"Carnegiea","gigantea","saguaro","Plantae",16042,501,"Open flowers",2013,10,23,296,2456589,1,2013,10,24,297,2456590,1
6102,32.23188,-110.951012,743,"AZ",210,"Carnegiea","gigantea","saguaro","Plantae",16042,501,"Open flowers",2013,11,6,310,2456603,1,2013,11,6,310,2456603,1
6102,32.23188,-110.951012,743,"AZ",210,"Carnegiea","gigantea","saguaro","Plantae",16042,504,"Recent fruit or seed drop",2013,10,31,304,2456597,1,2013,10,31,304,2456597,1
6102,32.23188,-110.951012,743,"AZ",210,"Carnegiea","gigantea","saguaro","Plantae",16042,504,"Recent fruit or seed drop",2013,11,8,312,2456605,1,2013,11,8,312,2456605,1
6102,32.23188,-110.951012,743,"AZ",210,"Carnegiea","gigantea","saguaro","Plantae",16042,504,"Recent fruit or seed drop",2013,11,12,316,2456609,3,2013,11,12,316,2456609,1
6102,32.23188,-110.951012,743,"AZ",210,"Carnegiea","gigantea","saguaro","Plantae",16042,516,"Fruits",2013,10,14,287,2456580,4,2013,10,14,287,2456580,1
6102,32.23188,-110.951012,743,"AZ",210,"Carnegiea","gigantea","saguaro","Plantae",16042,516,"Fruits",2013,10,22,295,2456588,5,2013,10,23,296,2456589,1
6102,32.23188,-110.951012,743,"AZ",210,"Carnegiea","gigantea","saguaro","Plantae",16042,516,"Fruits",2013,10,27,300,2456593,2,2013,10,27,300,2456593,1
6102,32.23188,-110.951012,743,"AZ",210,"Carnegiea","gigantea","saguaro","Plantae",16042,516,"Fruits",2013,10,30,303,2456596,2,2013,10,31,304,2456597,1
6102,32.23188,-110.951012,743,"AZ",210,"Carnegiea","gigantea","saguaro","Plantae",16042,516,"Fruits",2013,11,2,306,2456599,1,2013,11,4,308,2456601,1
6102,32.23188,-110.951012,743,"AZ",210,"Carnegiea","gigantea","saguaro","Plantae",16042,516,"Fruits",2013,11,7,311,2456604,1,2013,11,7,311,2456604,1
6102,32.23188,-110.951012,743,"AZ",210,"Carnegiea","gigantea","saguaro","Plantae",16042,516,"Fruits",2013,11,9,313,2456606,1,2013,11,9,313,2456606,3
6102,32.23188,-110.951012,743,"AZ",210,"Carnegiea","gigantea","saguaro","Plantae",16042,516,"Fruits",2013,11,15,319,2456612,2,2013,11,15,319,2456612,2
6102,32.23188,-110.951012,743,"AZ",210,"Carnegiea","gigantea","saguaro","Plantae",16042,516,"Fruits",2013,11,20,324,2456617,2,2013,11,20,324,2456617,1
6102,32.23188,-110.951012,743,"AZ",210,"Carnegiea","gigantea","saguaro","Plantae",16042,516,"Fruits",2013,11,29,333,2456626,2,2013,11,29,333,2456626,2
6102,32.23188,-110.951012,743,"AZ",210,"Carnegiea","gigantea","saguaro","Plantae",16042,516,"Fruits",2013,12,2,336,2456629,1,2013,12,2,336,2456629,2
6102,32.23188,-110.951012,743,"AZ",210,"Carnegiea","gigantea","saguaro","Plantae",16120,500,"Flowers or flower buds",2013,10,10,283,2456576,13,2013,10,10,283,2456576,4
6102,32.23188,-110.951012,743,"AZ",210,"Carnegiea","gigantea","saguaro","Plantae",16120,500,"Flowers or flower buds",2013,10,25,298,2456591,2,2013,10,25,298,2456591,7
6102,32.23188,-110.951012,743,"AZ",210,"Carnegiea","gigantea","saguaro","Plantae",16120,504,"Recent fruit or seed drop",2013,10,10,283,2456576,13,2013,10,14,287,2456580,2
6102,32.23188,-110.951012,743,"AZ",210,"Carnegiea","gigantea","saguaro","Plantae",16120,504,"Recent fruit or seed drop",2013,11,13,317,2456610,4,2013,11,13,317,2456610,1
6102,32.23188,-110.951012,743,"AZ",210,"Carnegiea","gigantea","saguaro","Plantae",16120,504,"Recent fruit or seed drop",2013,11,20,324,2456617,2,2013,11,20,324,2456617,2
6102,32.23188,-110.951012,743,"AZ",210,"Carnegiea","gigantea","saguaro","Plantae",16120,516,"Fruits",2013,10,10,283,2456576,240,2013,10,10,283,2456576,4
6102,32.23188,-110.951012,743,"AZ",210,"Carnegiea","gigantea","saguaro","Plantae",16121,500,"Flowers or flower buds",2013,10,24,297,2456590,10,2013,10,25,298,2456591,4
6102,32.23188,-110.951012,743,"AZ",210,"Carnegiea","gigantea","saguaro","Plantae",16121,500,"Flowers or flower buds",2013,11,1,305,2456598,1,2013,11,1,305,2456598,1
6102,32.23188,-110.951012,743,"AZ",210,"Carnegiea","gigantea","saguaro","Plantae",16121,500,"Flowers or flower buds",2013,11,3,307,2456600,1,2013,11,3,307,2456600,3
6102,32.23188,-110.951012,743,"AZ",210,"Carnegiea","gigantea","saguaro","Plantae",16121,500,"Flowers or flower buds",2013,11,8,312,2456605,1,2013,11,8,312,2456605,4
6102,32.23188,-110.951012,743,"AZ",210,"Carnegiea","gigantea","saguaro","Plantae",16121,500,"Flowers or flower buds",2013,11,18,322,2456615,1,2013,11,18,322,2456615,1
6102,32.23188,-110.951012,743,"AZ",210,"Carnegiea","gigantea","saguaro","Plantae",16121,500,"Flowers or flower buds",2013,11,27,331,2456624,1,2013,11,27,331,2456624,5
6102,32.23188,-110.951012,743,"AZ",210,"Carnegiea","gigantea","saguaro","Plantae",16121,501,"Open flowers",2013,11,2,306,2456599,1,2013,11,2,306,2456599,1
6102,32.23188,-110.951012,743,"AZ",210,"Carnegiea","gigantea","saguaro","Plantae",16121,504,"Recent fruit or seed drop",2013,10,24,297,2456590,10,2013,10,25,298,2456591,4
6102,32.23188,-110.951012,743,"AZ",210,"Carnegiea","gigantea","saguaro","Plantae",16121,504,"Recent fruit or seed drop",2013,11,1,305,2456598,1,2013,11,3,307,2456600,3
6102,32.23188,-110.951012,743,"AZ",210,"Carnegiea","gigantea","saguaro","Plantae",16121,504,"Recent fruit or seed drop",2013,11,7,311,2456604,1,2013,11,7,311,2456604,1
6102,32.23188,-110.951012,743,"AZ",210,"Carnegiea","gigantea","saguaro","Plantae",16121,504,"Recent fruit or seed drop",2013,11,15,319,2456612,1,2013,11,15,319,2456612,2
6102,32.23188,-110.951012,743,"AZ",210,"Carnegiea","gigantea","saguaro","Plantae",16121,516,"Fruits",2013,10,14,287,2456580,4,2013,10,24,297,2456590,1
6102,32.23188,-110.951012,743,"AZ",210,"Carnegiea","gigantea","saguaro","Plantae",16121,516,"Fruits",2013,10,29,302,2456595,4,2013,10,29,302,2456595,2
6102,32.23188,-110.951012,743,"AZ",210,"Carnegiea","gigantea","saguaro","Plantae",16121,516,"Fruits",2013,11,1,305,2456598,1,2013,11,1,305,2456598,1
6102,32.23188,-110.951012,743,"AZ",210,"Carnegiea","gigantea","saguaro","Plantae",16121,516,"Fruits",2013,11,8,312,2456605,1,2013,11,8,312,2456605,4
6102,32.23188,-110.951012,743,"AZ",210,"Carnegiea","gigantea","saguaro","Plantae",16121,516,"Fruits",2013,11,14,318,2456611,2,2013,11,14,318,2456611,1
6102,32.23188,-110.951012,743,"AZ",210,"Carnegiea","gigantea","saguaro","Plantae",16121,516,"Fruits",2013,11,18,322,2456615,1,2013,11,18,322,2456615,1
9257,32.365673,-111.047997,724,"AZ",210,"Carnegiea","gigantea","saguaro","Plantae",32641,500,"Flowers or flower buds",2013,4,27,117,2456410,-9999,2013,4,27,117,2456410,-9999
9257,32.365673,-111.047997,724,"AZ",210,"Carnegiea","gigantea","saguaro","Plantae",32650,500,"Flowers or flower buds",2013,4,27,117,2456410,-9999,2013,4,27,117,2456410,-9999
1918,32.37611,-110.997795,748,"AZ",210,"Carnegiea","gigantea","saguaro","Plantae",39257,390,"Ripe fruits",2013,6,25,176,2456469,7,2013,7,2,183,2456476,7
1918,32.37611,-110.997795,748,"AZ",210,"Carnegiea","gigantea","saguaro","Plantae",39257,500,"Flowers or flower buds",2013,4,30,120,2456413,7,2013,7,2,183,2456476,7
1918,32.37611,-110.997795,748,"AZ",210,"Carnegiea","gigantea","saguaro","Plantae",39257,501,"Open flowers",2013,5,16,136,2456429,2,2013,6,11,162,2456455,7
1918,32.37611,-110.997795,748,"AZ",210,"Carnegiea","gigantea","saguaro","Plantae",39257,504,"Recent fruit or seed drop",2013,6,25,176,2456469,7,2013,6,25,176,2456469,7
1918,32.37611,-110.997795,748,"AZ",210,"Carnegiea","gigantea","saguaro","Plantae",39257,516,"Fruits",2013,5,21,141,2456434,7,2013,7,9,190,2456483,35
1918,32.37611,-110.997795,748,"AZ",210,"Carnegiea","gigantea","saguaro","Plantae",39258,390,"Ripe fruits",2013,6,11,162,2456455,7,2013,6,18,169,2456462,7
1918,32.37611,-110.997795,748,"AZ",210,"Carnegiea","gigantea","saguaro","Plantae",39258,500,"Flowers or flower buds",2013,4,11,101,2456394,9,2013,5,14,134,2456427,7
1918,32.37611,-110.997795,748,"AZ",210,"Carnegiea","gigantea","saguaro","Plantae",39258,500,"Flowers or flower buds",2013,6,11,162,2456455,7,2013,7,2,183,2456476,7
1918,32.37611,-110.997795,748,"AZ",210,"Carnegiea","gigantea","saguaro","Plantae",39258,501,"Open flowers",2013,4,27,117,2456410,4,2013,5,14,134,2456427,7
1918,32.37611,-110.997795,748,"AZ",210,"Carnegiea","gigantea","saguaro","Plantae",39258,501,"Open flowers",2013,6,18,169,2456462,7,2013,7,2,183,2456476,7
1918,32.37611,-110.997795,748,"AZ",210,"Carnegiea","gigantea","saguaro","Plantae",39258,516,"Fruits",2013,5,7,127,2456420,7,2013,7,9,190,2456483,35
11587,33.462444,-111.944618,391,"AZ",210,"Carnegiea","gigantea","saguaro","Plantae",48315,390,"Ripe fruits",2013,8,16,228,2456521,16,2013,8,16,228,2456521,22
11587,33.462444,-111.944618,391,"AZ",210,"Carnegiea","gigantea","saguaro","Plantae",48315,504,"Recent fruit or seed drop",2013,7,31,212,2456505,-9999,2013,8,16,228,2456521,22
11587,33.462444,-111.944618,391,"AZ",210,"Carnegiea","gigantea","saguaro","Plantae",48315,516,"Fruits",2013,7,31,212,2456505,-9999,2013,8,16,228,2456521,22
11587,33.462444,-111.944618,391,"AZ",210,"Carnegiea","gigantea","saguaro","Plantae",48769,504,"Recent fruit or seed drop",2013,7,31,212,2456505,-9999,2013,8,16,228,2456521,50
11587,33.462444,-111.944618,391,"AZ",210,"Carnegiea","gigantea","saguaro","Plantae",48770,390,"Ripe fruits",2013,7,31,212,2456505,-9999,2013,8,16,228,2456521,50
11587,33.462444,-111.944618,391,"AZ",210,"Carnegiea","gigantea","saguaro","Plantae",48770,504,"Recent fruit or seed drop",2013,7,31,212,2456505,-9999,2013,8,16,228,2456521,50
11587,33.462444,-111.944618,391,"AZ",210,"Carnegiea","gigantea","saguaro","Plantae",48770,516,"Fruits",2013,7,31,212,2456505,-9999,2013,8,16,228,2456521,50
11587,33.462444,-111.944618,391,"AZ",210,"Carnegiea","gigantea","saguaro","Plantae",48771,504,"Recent fruit or seed drop",2013,7,31,212,2456505,-9999,2013,8,16,228,2456521,50
12332,32.221745,-110.926476,756,"AZ",210,"Carnegiea","gigantea","saguaro","Plantae",51988,500,"Flowers or flower buds",2013,10,3,276,2456569,-9999,2013,10,3,276,2456569,-9999
12332,32.221745,-110.926476,756,"AZ",210,"Carnegiea","gigantea","saguaro","Plantae",51988,501,"Open flowers",2013,10,3,276,2456569,-9999,2013,10,3,276,2456569,20
12332,32.221745,-110.926476,756,"AZ",210,"Carnegiea","gigantea","saguaro","Plantae",51988,504,"Recent fruit or seed drop",2013,10,23,296,2456589,20,2013,10,23,296,2456589,-9999
12332,32.221745,-110.926476,756,"AZ",210,"Carnegiea","gigantea","saguaro","Plantae",51988,516,"Fruits",2013,10,3,276,2456569,-9999,2013,10,23,296,2456589,-9999
12452,32.221745,-110.926476,759,"AZ",210,"Carnegiea","gigantea","saguaro","Plantae",52636,500,"Flowers or flower buds",2013,10,16,289,2456582,-9999,2013,10,16,289,2456582,-9999
12452,32.221745,-110.926476,759,"AZ",210,"Carnegiea","gigantea","saguaro","Plantae",52636,501,"Open flowers",2013,10,16,289,2456582,-9999,2013,10,16,289,2456582,-9999
12452,32.221745,-110.926476,759,"AZ",210,"Carnegiea","gigantea","saguaro","Plantae",52636,516,"Fruits",2013,10,16,289,2456582,-9999,2013,10,16,289,2456582,-9999
12437,32.231831,-110.950951,742,"AZ",210,"Carnegiea","gigantea","saguaro","Plantae",52914,500,"Flowers or flower buds",2013,10,11,284,2456577,-9999,2013,10,31,304,2456597,7
12437,32.231831,-110.950951,742,"AZ",210,"Carnegiea","gigantea","saguaro","Plantae",52914,516,"Fruits",2013,10,11,284,2456577,-9999,2013,10,31,304,2456597,7
12452,32.221745,-110.926476,759,"AZ",210,"Carnegiea","gigantea","saguaro","Plantae",52920,500,"Flowers or flower buds",2013,10,21,294,2456587,-9999,2013,10,21,294,2456587,10
12452,32.221745,-110.926476,759,"AZ",210,"Carnegiea","gigantea","saguaro","Plantae",52920,516,"Fruits",2013,10,21,294,2456587,-9999,2013,11,4,308,2456601,-9999
2329,32.354759,-110.939194,961,"AZ",210,"Carnegiea","gigantea","saguaro","Plantae",4865,390,"Ripe fruits",2014,6,22,173,2456831,27,2014,6,29,180,2456838,13
2329,32.354759,-110.939194,961,"AZ",210,"Carnegiea","gigantea","saguaro","Plantae",4865,500,"Flowers or flower buds",2014,5,8,128,2456786,11,2014,6,22,173,2456831,7
2329,32.354759,-110.939194,961,"AZ",210,"Carnegiea","gigantea","saguaro","Plantae",4865,501,"Open flowers",2014,5,26,146,2456804,8,2014,5,26,146,2456804,34
2329,32.354759,-110.939194,961,"AZ",210,"Carnegiea","gigantea","saguaro","Plantae",4865,504,"Recent fruit or seed drop",2014,6,22,173,2456831,27,2014,6,29,180,2456838,13
2329,32.354759,-110.939194,961,"AZ",210,"Carnegiea","gigantea","saguaro","Plantae",4865,516,"Fruits",2014,5,26,146,2456804,8,2014,6,29,180,2456838,13
2329,32.354759,-110.939194,961,"AZ",210,"Carnegiea","gigantea","saguaro","Plantae",4866,390,"Ripe fruits",2014,6,22,173,2456831,27,2014,6,22,173,2456831,7
2329,32.354759,-110.939194,961,"AZ",210,"Carnegiea","gigantea","saguaro","Plantae",4866,500,"Flowers or flower buds",2014,4,12,102,2456760,8,2014,5,18,138,2456796,8
2329,32.354759,-110.939194,961,"AZ",210,"Carnegiea","gigantea","saguaro","Plantae",4866,501,"Open flowers",2014,5,8,128,2456786,11,2014,5,18,138,2456796,8
2329,32.354759,-110.939194,961,"AZ",210,"Carnegiea","gigantea","saguaro","Plantae",4866,504,"Recent fruit or seed drop",2014,6,22,173,2456831,27,2014,6,29,180,2456838,13
2329,32.354759,-110.939194,961,"AZ",210,"Carnegiea","gigantea","saguaro","Plantae",4866,516,"Fruits",2014,4,27,117,2456775,7,2014,6,22,173,2456831,7
2329,32.354759,-110.939194,961,"AZ",210,"Carnegiea","gigantea","saguaro","Plantae",5653,390,"Ripe fruits",2014,5,26,146,2456804,8,2014,5,26,146,2456804,34
2329,32.354759,-110.939194,961,"AZ",210,"Carnegiea","gigantea","saguaro","Plantae",5653,500,"Flowers or flower buds",2014,3,16,75,2456733,7,2014,5,8,128,2456786,10
2329,32.354759,-110.939194,961,"AZ",210,"Carnegiea","gigantea","saguaro","Plantae",5653,500,"Flowers or flower buds",2014,5,26,146,2456804,8,2014,5,26,146,2456804,27
2329,32.354759,-110.939194,961,"AZ",210,"Carnegiea","gigantea","saguaro","Plantae",5653,500,"Flowers or flower buds",2014,6,29,180,2456838,7,2014,6,29,180,2456838,13
2329,32.354759,-110.939194,961,"AZ",210,"Carnegiea","gigantea","saguaro","Plantae",5653,501,"Open flowers",2014,4,12,102,2456760,8,2014,5,8,128,2456786,10
2329,32.354759,-110.939194,961,"AZ",210,"Carnegiea","gigantea","saguaro","Plantae",5653,504,"Recent fruit or seed drop",2014,5,26,146,2456804,8,2014,6,29,180,2456838,13
2329,32.354759,-110.939194,961,"AZ",210,"Carnegiea","gigantea","saguaro","Plantae",5653,516,"Fruits",2014,4,20,110,2456768,8,2014,6,29,180,2456838,13
6102,32.23188,-110.951012,743,"AZ",210,"Carnegiea","gigantea","saguaro","Plantae",16042,390,"Ripe fruits",2014,5,25,145,2456803,59,2014,6,10,161,2456819,15
6102,32.23188,-110.951012,743,"AZ",210,"Carnegiea","gigantea","saguaro","Plantae",16042,390,"Ripe fruits",2014,6,27,178,2456836,2,2014,6,27,178,2456836,18
6102,32.23188,-110.951012,743,"AZ",210,"Carnegiea","gigantea","saguaro","Plantae",16042,500,"Flowers or flower buds",2014,5,25,145,2456803,59,2014,6,10,161,2456819,15
6102,32.23188,-110.951012,743,"AZ",210,"Carnegiea","gigantea","saguaro","Plantae",16042,500,"Flowers or flower buds",2014,6,27,178,2456836,2,2014,6,27,178,2456836,18
6102,32.23188,-110.951012,743,"AZ",210,"Carnegiea","gigantea","saguaro","Plantae",16042,500,"Flowers or flower buds",2014,10,11,284,2456942,1,2014,10,11,284,2456942,2
6102,32.23188,-110.951012,743,"AZ",210,"Carnegiea","gigantea","saguaro","Plantae",16042,500,"Flowers or flower buds",2014,10,28,301,2456959,1,2014,10,29,302,2456960,1
6102,32.23188,-110.951012,743,"AZ",210,"Carnegiea","gigantea","saguaro","Plantae",16042,500,"Flowers or flower buds",2014,11,4,308,2456966,2,2014,11,4,308,2456966,1
6102,32.23188,-110.951012,743,"AZ",210,"Carnegiea","gigantea","saguaro","Plantae",16042,500,"Flowers or flower buds",2014,11,11,315,2456973,1,2014,11,11,315,2456973,2
6102,32.23188,-110.951012,743,"AZ",210,"Carnegiea","gigantea","saguaro","Plantae",16042,500,"Flowers or flower buds",2014,11,18,322,2456980,1,2014,11,18,322,2456980,1
6102,32.23188,-110.951012,743,"AZ",210,"Carnegiea","gigantea","saguaro","Plantae",16042,500,"Flowers or flower buds",2014,11,27,331,2456989,1,2014,11,27,331,2456989,2
6102,32.23188,-110.951012,743,"AZ",210,"Carnegiea","gigantea","saguaro","Plantae",16042,501,"Open flowers",2014,5,25,145,2456803,59,2014,6,10,161,2456819,15
6102,32.23188,-110.951012,743,"AZ",210,"Carnegiea","gigantea","saguaro","Plantae",16042,501,"Open flowers",2014,6,27,178,2456836,2,2014,6,27,178,2456836,18
6102,32.23188,-110.951012,743,"AZ",210,"Carnegiea","gigantea","saguaro","Plantae",16042,501,"Open flowers",2014,10,5,278,2456936,1,2014,10,5,278,2456936,1
6102,32.23188,-110.951012,743,"AZ",210,"Carnegiea","gigantea","saguaro","Plantae",16042,501,"Open flowers",2014,10,8,281,2456939,1,2014,10,8,281,2456939,1
6102,32.23188,-110.951012,743,"AZ",210,"Carnegiea","gigantea","saguaro","Plantae",16042,501,"Open flowers",2014,10,24,297,2456955,1,2014,10,24,297,2456955,2
6102,32.23188,-110.951012,743,"AZ",210,"Carnegiea","gigantea","saguaro","Plantae",16042,501,"Open flowers",2014,10,27,300,2456958,1,2014,10,27,300,2456958,1
6102,32.23188,-110.951012,743,"AZ",210,"Carnegiea","gigantea","saguaro","Plantae",16042,501,"Open flowers",2014,10,29,302,2456960,1,2014,10,29,302,2456960,1
6102,32.23188,-110.951012,743,"AZ",210,"Carnegiea","gigantea","saguaro","Plantae",16042,501,"Open flowers",2014,11,11,315,2456973,1,2014,11,11,315,2456973,2
6102,32.23188,-110.951012,743,"AZ",210,"Carnegiea","gigantea","saguaro","Plantae",16042,501,"Open flowers",2014,11,27,331,2456989,1,2014,11,27,331,2456989,2
6102,32.23188,-110.951012,743,"AZ",210,"Carnegiea","gigantea","saguaro","Plantae",16042,504,"Recent fruit or seed drop",2014,6,8,159,2456817,12,2014,9,4,247,2456905,4
6102,32.23188,-110.951012,743,"AZ",210,"Carnegiea","gigantea","saguaro","Plantae",16042,504,"Recent fruit or seed drop",2014,9,18,261,2456919,2,2014,9,18,261,2456919,1
6102,32.23188,-110.951012,743,"AZ",210,"Carnegiea","gigantea","saguaro","Plantae",16042,504,"Recent fruit or seed drop",2014,10,5,278,2456936,1,2014,10,5,278,2456936,1
6102,32.23188,-110.951012,743,"AZ",210,"Carnegiea","gigantea","saguaro","Plantae",16042,504,"Recent fruit or seed drop",2014,10,9,282,2456940,1,2014,10,9,282,2456940,1
6102,32.23188,-110.951012,743,"AZ",210,"Carnegiea","gigantea","saguaro","Plantae",16042,516,"Fruits",2014,5,25,145,2456803,59,2014,6,10,161,2456819,15
6102,32.23188,-110.951012,743,"AZ",210,"Carnegiea","gigantea","saguaro","Plantae",16042,516,"Fruits",2014,6,27,178,2456836,2,2014,6,27,178,2456836,18
6102,32.23188,-110.951012,743,"AZ",210,"Carnegiea","gigantea","saguaro","Plantae",16042,516,"Fruits",2014,9,18,261,2456919,2,2014,9,18,261,2456919,1
6102,32.23188,-110.951012,743,"AZ",210,"Carnegiea","gigantea","saguaro","Plantae",16042,516,"Fruits",2014,10,5,278,2456936,1,2014,10,5,278,2456936,1
6102,32.23188,-110.951012,743,"AZ",210,"Carnegiea","gigantea","saguaro","Plantae",16119,390,"Ripe fruits",2014,5,22,142,2456800,56,2014,5,22,142,2456800,19
6102,32.23188,-110.951012,743,"AZ",210,"Carnegiea","gigantea","saguaro","Plantae",16119,390,"Ripe fruits",2014,6,27,178,2456836,2,2014,6,27,178,2456836,18
6102,32.23188,-110.951012,743,"AZ",210,"Carnegiea","gigantea","saguaro","Plantae",16119,500,"Flowers or flower buds",2014,5,22,142,2456800,56,2014,5,22,142,2456800,19
6102,32.23188,-110.951012,743,"AZ",210,"Carnegiea","gigantea","saguaro","Plantae",16119,500,"Flowers or flower buds",2014,6,27,178,2456836,2,2014,6,27,178,2456836,18
6102,32.23188,-110.951012,743,"AZ",210,"Carnegiea","gigantea","saguaro","Plantae",16119,501,"Open flowers",2014,5,22,142,2456800,56,2014,5,22,142,2456800,19
6102,32.23188,-110.951012,743,"AZ",210,"Carnegiea","gigantea","saguaro","Plantae",16119,501,"Open flowers",2014,6,27,178,2456836,2,2014,6,27,178,2456836,18
6102,32.23188,-110.951012,743,"AZ",210,"Carnegiea","gigantea","saguaro","Plantae",16119,504,"Recent fruit or seed drop",2014,6,25,176,2456834,15,2014,7,15,196,2456854,50
6102,32.23188,-110.951012,743,"AZ",210,"Carnegiea","gigantea","saguaro","Plantae",16119,504,"Recent fruit or seed drop",2014,9,18,261,2456919,2,2014,9,18,261,2456919,4
6102,32.23188,-110.951012,743,"AZ",210,"Carnegiea","gigantea","saguaro","Plantae",16119,504,"Recent fruit or seed drop",2014,10,6,279,2456937,3,2014,10,6,279,2456937,2
6102,32.23188,-110.951012,743,"AZ",210,"Carnegiea","gigantea","saguaro","Plantae",16119,504,"Recent fruit or seed drop",2014,10,14,287,2456945,1,2014,10,14,287,2456945,2
6102,32.23188,-110.951012,743,"AZ",210,"Carnegiea","gigantea","saguaro","Plantae",16119,504,"Recent fruit or seed drop",2014,10,21,294,2456952,1,2014,10,21,294,2456952,2
6102,32.23188,-110.951012,743,"AZ",210,"Carnegiea","gigantea","saguaro","Plantae",16119,504,"Recent fruit or seed drop",2014,10,30,303,2456961,2,2014,10,30,303,2456961,1
6102,32.23188,-110.951012,743,"AZ",210,"Carnegiea","gigantea","saguaro","Plantae",16119,516,"Fruits",2014,5,22,142,2456800,56,2014,6,10,161,2456819,15
6102,32.23188,-110.951012,743,"AZ",210,"Carnegiea","gigantea","saguaro","Plantae",16119,516,"Fruits",2014,6,27,178,2456836,2,2014,6,27,178,2456836,18
6102,32.23188,-110.951012,743,"AZ",210,"Carnegiea","gigantea","saguaro","Plantae",16119,516,"Fruits",2014,9,12,255,2456913,1,2014,9,15,258,2456916,1
6102,32.23188,-110.951012,743,"AZ",210,"Carnegiea","gigantea","saguaro","Plantae",16119,516,"Fruits",2014,9,18,261,2456919,2,2014,9,18,261,2456919,4
6102,32.23188,-110.951012,743,"AZ",210,"Carnegiea","gigantea","saguaro","Plantae",16119,516,"Fruits",2014,9,24,267,2456925,2,2014,9,25,268,2456926,1
6102,32.23188,-110.951012,743,"AZ",210,"Carnegiea","gigantea","saguaro","Plantae",16119,516,"Fruits",2014,9,30,273,2456931,4,2014,10,8,281,2456939,1
6102,32.23188,-110.951012,743,"AZ",210,"Carnegiea","gigantea","saguaro","Plantae",16120,390,"Ripe fruits",2014,6,10,161,2456819,75,2014,6,10,161,2456819,15
6102,32.23188,-110.951012,743,"AZ",210,"Carnegiea","gigantea","saguaro","Plantae",16120,390,"Ripe fruits",2014,6,27,178,2456836,2,2014,6,27,178,2456836,69
6102,32.23188,-110.951012,743,"AZ",210,"Carnegiea","gigantea","saguaro","Plantae",16120,390,"Ripe fruits",2014,11,11,315,2456973,1,2014,11,11,315,2456973,2
6102,32.23188,-110.951012,743,"AZ",210,"Carnegiea","gigantea","saguaro","Plantae",16120,500,"Flowers or flower buds",2014,6,10,161,2456819,75,2014,6,10,161,2456819,15
6102,32.23188,-110.951012,743,"AZ",210,"Carnegiea","gigantea","saguaro","Plantae",16120,500,"Flowers or flower buds",2014,6,27,178,2456836,2,2014,6,27,178,2456836,69
6102,32.23188,-110.951012,743,"AZ",210,"Carnegiea","gigantea","saguaro","Plantae",16120,500,"Flowers or flower buds",2014,9,19,262,2456920,1,2014,9,19,262,2456920,4
6102,32.23188,-110.951012,743,"AZ",210,"Carnegiea","gigantea","saguaro","Plantae",16120,500,"Flowers or flower buds",2014,10,10,283,2456941,3,2014,10,14,287,2456945,2
6102,32.23188,-110.951012,743,"AZ",210,"Carnegiea","gigantea","saguaro","Plantae",16120,500,"Flowers or flower buds",2014,10,22,295,2456953,1,2014,10,22,295,2456953,1
6102,32.23188,-110.951012,743,"AZ",210,"Carnegiea","gigantea","saguaro","Plantae",16120,500,"Flowers or flower buds",2014,10,28,301,2456959,1,2014,10,28,301,2456959,2
6102,32.23188,-110.951012,743,"AZ",210,"Carnegiea","gigantea","saguaro","Plantae",16120,500,"Flowers or flower buds",2014,11,6,310,2456968,2,2014,11,6,310,2456968,4
6102,32.23188,-110.951012,743,"AZ",210,"Carnegiea","gigantea","saguaro","Plantae",16120,500,"Flowers or flower buds",2014,11,18,322,2456980,5,2014,11,18,322,2456980,1
6102,32.23188,-110.951012,743,"AZ",210,"Carnegiea","gigantea","saguaro","Plantae",16120,501,"Open flowers",2014,6,10,161,2456819,75,2014,6,10,161,2456819,15
6102,32.23188,-110.951012,743,"AZ",210,"Carnegiea","gigantea","saguaro","Plantae",16120,501,"Open flowers",2014,6,27,178,2456836,2,2014,6,27,178,2456836,69
6102,32.23188,-110.951012,743,"AZ",210,"Carnegiea","gigantea","saguaro","Plantae",16120,504,"Recent fruit or seed drop",2014,6,10,161,2456819,75,2014,9,4,247,2456905,5
6102,32.23188,-110.951012,743,"AZ",210,"Carnegiea","gigantea","saguaro","Plantae",16120,504,"Recent fruit or seed drop",2014,9,11,254,2456912,2,2014,9,11,254,2456912,5
6102,32.23188,-110.951012,743,"AZ",210,"Carnegiea","gigantea","saguaro","Plantae",16120,504,"Recent fruit or seed drop",2014,9,17,260,2456918,1,2014,9,17,260,2456918,1
6102,32.23188,-110.951012,743,"AZ",210,"Carnegiea","gigantea","saguaro","Plantae",16120,504,"Recent fruit or seed drop",2014,9,25,268,2456926,2,2014,9,25,268,2456926,1
6102,32.23188,-110.951012,743,"AZ",210,"Carnegiea","gigantea","saguaro","Plantae",16120,504,"Recent fruit or seed drop",2014,10,14,287,2456945,4,2014,10,14,287,2456945,2
6102,32.23188,-110.951012,743,"AZ",210,"Carnegiea","gigantea","saguaro","Plantae",16120,504,"Recent fruit or seed drop",2014,10,21,294,2456952,5,2014,10,21,294,2456952,1
6102,32.23188,-110.951012,743,"AZ",210,"Carnegiea","gigantea","saguaro","Plantae",16120,504,"Recent fruit or seed drop",2014,11,11,315,2456973,1,2014,11,18,322,2456980,1
6102,32.23188,-110.951012,743,"AZ",210,"Carnegiea","gigantea","saguaro","Plantae",16120,504,"Recent fruit or seed drop",2014,12,4,338,2456996,1,2014,12,4,338,2456996,1
6102,32.23188,-110.951012,743,"AZ",210,"Carnegiea","gigantea","saguaro","Plantae",16120,504,"Recent fruit or seed drop",2014,12,8,342,2457000,3,2014,12,8,342,2457000,1
6102,32.23188,-110.951012,743,"AZ",210,"Carnegiea","gigantea","saguaro","Plantae",16120,516,"Fruits",2014,6,10,161,2456819,75,2014,6,10,161,2456819,15
6102,32.23188,-110.951012,743,"AZ",210,"Carnegiea","gigantea","saguaro","Plantae",16120,516,"Fruits",2014,6,27,178,2456836,2,2014,6,27,178,2456836,69
6102,32.23188,-110.951012,743,"AZ",210,"Carnegiea","gigantea","saguaro","Plantae",16120,516,"Fruits",2014,9,19,262,2456920,1,2014,9,19,262,2456920,4
6102,32.23188,-110.951012,743,"AZ",210,"Carnegiea","gigantea","saguaro","Plantae",16120,516,"Fruits",2014,11,11,315,2456973,1,2014,11,11,315,2456973,2
6102,32.23188,-110.951012,743,"AZ",210,"Carnegiea","gigantea","saguaro","Plantae",16121,390,"Ripe fruits",2014,6,10,161,2456819,75,2014,6,10,161,2456819,15
6102,32.23188,-110.951012,743,"AZ",210,"Carnegiea","gigantea","saguaro","Plantae",16121,390,"Ripe fruits",2014,6,27,178,2456836,2,2014,6,27,178,2456836,18
6102,32.23188,-110.951012,743,"AZ",210,"Carnegiea","gigantea","saguaro","Plantae",16121,500,"Flowers or flower buds",2014,6,27,178,2456836,2,2014,6,27,178,2456836,18
6102,32.23188,-110.951012,743,"AZ",210,"Carnegiea","gigantea","saguaro","Plantae",16121,501,"Open flowers",2014,6,27,178,2456836,2,2014,6,27,178,2456836,18
6102,32.23188,-110.951012,743,"AZ",210,"Carnegiea","gigantea","saguaro","Plantae",16121,504,"Recent fruit or seed drop",2014,6,10,161,2456819,75,2014,6,10,161,2456819,15
6102,32.23188,-110.951012,743,"AZ",210,"Carnegiea","gigantea","saguaro","Plantae",16121,504,"Recent fruit or seed drop",2014,6,27,178,2456836,2,2014,7,15,196,2456854,51
6102,32.23188,-110.951012,743,"AZ",210,"Carnegiea","gigantea","saguaro","Plantae",16121,516,"Fruits",2014,6,10,161,2456819,75,2014,6,10,161,2456819,15
6102,32.23188,-110.951012,743,"AZ",210,"Carnegiea","gigantea","saguaro","Plantae",16121,516,"Fruits",2014,6,27,178,2456836,2,2014,6,27,178,2456836,18
9257,32.365673,-111.047997,724,"AZ",210,"Carnegiea","gigantea","saguaro","Plantae",32637,500,"Flowers or flower buds",2014,4,17,107,2456765,20,2014,5,5,125,2456783,145
9257,32.365673,-111.047997,724,"AZ",210,"Carnegiea","gigantea","saguaro","Plantae",32637,501,"Open flowers",2014,5,5,125,2456783,18,2014,5,5,125,2456783,145
9257,32.365673,-111.047997,724,"AZ",210,"Carnegiea","gigantea","saguaro","Plantae",32637,516,"Fruits",2014,5,5,125,2456783,18,2014,5,5,125,2456783,145
9257,32.365673,-111.047997,724,"AZ",210,"Carnegiea","gigantea","saguaro","Plantae",32641,500,"Flowers or flower buds",2014,4,17,107,2456765,20,2014,5,5,125,2456783,145
9257,32.365673,-111.047997,724,"AZ",210,"Carnegiea","gigantea","saguaro","Plantae",32650,500,"Flowers or flower buds",2014,5,5,125,2456783,18,2014,5,5,125,2456783,145
9257,32.365673,-111.047997,724,"AZ",210,"Carnegiea","gigantea","saguaro","Plantae",32652,500,"Flowers or flower buds",2014,3,28,87,2456745,36,2014,5,5,125,2456783,145
9257,32.365673,-111.047997,724,"AZ",210,"Carnegiea","gigantea","saguaro","Plantae",32652,501,"Open flowers",2014,5,5,125,2456783,18,2014,5,5,125,2456783,145
9257,32.365673,-111.047997,724,"AZ",210,"Carnegiea","gigantea","saguaro","Plantae",32652,516,"Fruits",2014,5,5,125,2456783,18,2014,5,5,125,2456783,145
1918,32.37611,-110.997795,748,"AZ",210,"Carnegiea","gigantea","saguaro","Plantae",39257,390,"Ripe fruits",2014,6,24,175,2456833,12,2014,7,6,187,2456845,7
1918,32.37611,-110.997795,748,"AZ",210,"Carnegiea","gigantea","saguaro","Plantae",39257,500,"Flowers or flower buds",2014,4,20,110,2456768,7,2014,6,12,163,2456821,12
1918,32.37611,-110.997795,748,"AZ",210,"Carnegiea","gigantea","saguaro","Plantae",39257,500,"Flowers or flower buds",2014,6,28,179,2456837,4,2014,6,29,180,2456838,7
1918,32.37611,-110.997795,748,"AZ",210,"Carnegiea","gigantea","saguaro","Plantae",39257,501,"Open flowers",2014,5,8,128,2456786,4,2014,6,12,163,2456821,12
1918,32.37611,-110.997795,748,"AZ",210,"Carnegiea","gigantea","saguaro","Plantae",39257,501,"Open flowers",2014,6,29,180,2456838,1,2014,6,29,180,2456838,7
1918,32.37611,-110.997795,748,"AZ",210,"Carnegiea","gigantea","saguaro","Plantae",39257,504,"Recent fruit or seed drop",2014,6,28,179,2456837,4,2014,7,13,194,2456852,7
1918,32.37611,-110.997795,748,"AZ",210,"Carnegiea","gigantea","saguaro","Plantae",39257,516,"Fruits",2014,5,10,130,2456788,2,2014,7,6,187,2456845,7
1918,32.37611,-110.997795,748,"AZ",210,"Carnegiea","gigantea","saguaro","Plantae",39258,390,"Ripe fruits",2014,6,1,152,2456810,7,2014,6,28,179,2456837,8
1918,32.37611,-110.997795,748,"AZ",210,"Carnegiea","gigantea","saguaro","Plantae",39258,500,"Flowers or flower buds",2014,3,23,82,2456740,7,2014,6,5,156,2456814,7
1918,32.37611,-110.997795,748,"AZ",210,"Carnegiea","gigantea","saguaro","Plantae",39258,501,"Open flowers",2014,4,14,104,2456762,1,2014,6,1,152,2456810,4
1918,32.37611,-110.997795,748,"AZ",210,"Carnegiea","gigantea","saguaro","Plantae",39258,504,"Recent fruit or seed drop",2014,6,28,179,2456837,4,2014,7,6,187,2456845,7
1918,32.37611,-110.997795,748,"AZ",210,"Carnegiea","gigantea","saguaro","Plantae",39258,516,"Fruits",2014,4,20,110,2456768,5,2014,6,28,179,2456837,8
11587,33.462444,-111.944618,391,"AZ",210,"Carnegiea","gigantea","saguaro","Plantae",48315,500,"Flowers or flower buds",2014,5,3,123,2456781,28,2014,6,21,172,2456830,23
11587,33.462444,-111.944618,391,"AZ",210,"Carnegiea","gigantea","saguaro","Plantae",48315,501,"Open flowers",2014,5,3,123,2456781,28,2014,6,21,172,2456830,23
11587,33.462444,-111.944618,391,"AZ",210,"Carnegiea","gigantea","saguaro","Plantae",48315,504,"Recent fruit or seed drop",2014,7,14,195,2456853,23,2014,7,14,195,2456853,42
11587,33.462444,-111.944618,391,"AZ",210,"Carnegiea","gigantea","saguaro","Plantae",48315,516,"Fruits",2014,5,3,123,2456781,28,2014,7,14,195,2456853,42
11587,33.462444,-111.944618,391,"AZ",210,"Carnegiea","gigantea","saguaro","Plantae",48769,500,"Flowers or flower buds",2014,5,3,123,2456781,28,2014,5,3,123,2456781,109
11587,33.462444,-111.944618,391,"AZ",210,"Carnegiea","gigantea","saguaro","Plantae",48769,501,"Open flowers",2014,5,3,123,2456781,28,2014,5,3,123,2456781,109
11587,33.462444,-111.944618,391,"AZ",210,"Carnegiea","gigantea","saguaro","Plantae",48770,500,"Flowers or flower buds",2014,4,5,95,2456753,35,2014,5,3,123,2456781,86
11587,33.462444,-111.944618,391,"AZ",210,"Carnegiea","gigantea","saguaro","Plantae",48770,501,"Open flowers",2014,5,3,123,2456781,28,2014,5,3,123,2456781,86
11587,33.462444,-111.944618,391,"AZ",210,"Carnegiea","gigantea","saguaro","Plantae",48770,516,"Fruits",2014,5,3,123,2456781,28,2014,5,3,123,2456781,86
11587,33.462444,-111.944618,391,"AZ",210,"Carnegiea","gigantea","saguaro","Plantae",48771,500,"Flowers or flower buds",2014,4,5,95,2456753,35,2014,5,3,123,2456781,131
11587,33.462444,-111.944618,391,"AZ",210,"Carnegiea","gigantea","saguaro","Plantae",48771,501,"Open flowers",2014,5,3,123,2456781,28,2014,5,3,123,2456781,131
11587,33.462444,-111.944618,391,"AZ",210,"Carnegiea","gigantea","saguaro","Plantae",48771,516,"Fruits",2014,5,3,123,2456781,28,2014,5,3,123,2456781,131
12332,32.221745,-110.926476,756,"AZ",210,"Carnegiea","gigantea","saguaro","Plantae",51988,500,"Flowers or flower buds",2014,5,3,123,2456781,-9999,2014,5,7,127,2456785,-9999
12332,32.221745,-110.926476,756,"AZ",210,"Carnegiea","gigantea","saguaro","Plantae",51988,501,"Open flowers",2014,5,3,123,2456781,-9999,2014,5,7,127,2456785,-9999
12332,32.221745,-110.926476,756,"AZ",210,"Carnegiea","gigantea","saguaro","Plantae",51988,516,"Fruits",2014,5,3,123,2456781,-9999,2014,5,7,127,2456785,-9999
16831,32.279629,-111.021172,689,"AZ",210,"Carnegiea","gigantea","saguaro","Plantae",64039,500,"Flowers or flower buds",2014,3,18,77,2456735,-9999,2014,3,27,86,2456744,169
17511,32.274982,-111.083405,780,"AZ",210,"Carnegiea","gigantea","saguaro","Plantae",67278,500,"Flowers or flower buds",2014,4,4,94,2456752,-9999,2014,4,4,94,2456752,-9999
17511,32.274982,-111.083405,780,"AZ",210,"Carnegiea","gigantea","saguaro","Plantae",67278,501,"Open flowers",2014,4,4,94,2456752,-9999,2014,4,4,94,2456752,-9999
18280,32.225227,-111.001068,722,"AZ",210,"Carnegiea","gigantea","saguaro","Plantae",72158,504,"Recent fruit or seed drop",2014,7,14,195,2456853,-9999,2014,7,27,208,2456866,-9999
18528,32.233891,-110.951683,745,"AZ",210,"Carnegiea","gigantea","saguaro","Plantae",73331,504,"Recent fruit or seed drop",2014,8,22,234,2456892,-9999,2014,8,22,234,2456892,-9999
2329,32.354759,-110.939194,961,"AZ",210,"Carnegiea","gigantea","saguaro","Plantae",4865,500,"Flowers or flower buds",2015,5,3,123,2457146,14,2015,6,28,179,2457202,28
2329,32.354759,-110.939194,961,"AZ",210,"Carnegiea","gigantea","saguaro","Plantae",4865,501,"Open flowers",2015,5,24,144,2457167,7,2015,5,24,144,2457167,13
2329,32.354759,-110.939194,961,"AZ",210,"Carnegiea","gigantea","saguaro","Plantae",4865,516,"Fruits",2015,6,14,165,2457188,8,2015,7,26,207,2457230,-9999
2329,32.354759,-110.939194,961,"AZ",210,"Carnegiea","gigantea","saguaro","Plantae",4866,500,"Flowers or flower buds",2015,5,3,123,2457146,14,2015,5,3,123,2457146,14
2329,32.354759,-110.939194,961,"AZ",210,"Carnegiea","gigantea","saguaro","Plantae",4866,500,"Flowers or flower buds",2015,5,24,144,2457167,7,2015,6,14,165,2457188,7
2329,32.354759,-110.939194,961,"AZ",210,"Carnegiea","gigantea","saguaro","Plantae",4866,501,"Open flowers",2015,6,6,157,2457180,13,2015,6,6,157,2457180,8
2329,32.354759,-110.939194,961,"AZ",210,"Carnegiea","gigantea","saguaro","Plantae",4866,516,"Fruits",2015,5,17,137,2457160,14,2015,5,17,137,2457160,7
2329,32.354759,-110.939194,961,"AZ",210,"Carnegiea","gigantea","saguaro","Plantae",4866,516,"Fruits",2015,6,6,157,2457180,13,2015,6,6,157,2457180,8
2329,32.354759,-110.939194,961,"AZ",210,"Carnegiea","gigantea","saguaro","Plantae",5653,390,"Ripe fruits",2015,5,17,137,2457160,14,2015,5,17,137,2457160,7
2329,32.354759,-110.939194,961,"AZ",210,"Carnegiea","gigantea","saguaro","Plantae",5653,390,"Ripe fruits",2015,6,14,165,2457188,8,2015,6,28,179,2457202,28
2329,32.354759,-110.939194,961,"AZ",210,"Carnegiea","gigantea","saguaro","Plantae",5653,500,"Flowers or flower buds",2015,3,8,67,2457090,7,2015,4,19,109,2457132,14
2329,32.354759,-110.939194,961,"AZ",210,"Carnegiea","gigantea","saguaro","Plantae",5653,500,"Flowers or flower buds",2015,5,17,137,2457160,14,2015,6,6,157,2457180,8
2329,32.354759,-110.939194,961,"AZ",210,"Carnegiea","gigantea","saguaro","Plantae",5653,500,"Flowers or flower buds",2015,6,28,179,2457202,7,2015,6,28,179,2457202,28
2329,32.354759,-110.939194,961,"AZ",210,"Carnegiea","gigantea","saguaro","Plantae",5653,501,"Open flowers",2015,4,5,95,2457118,7,2015,4,12,102,2457125,7
2329,32.354759,-110.939194,961,"AZ",210,"Carnegiea","gigantea","saguaro","Plantae",5653,516,"Fruits",2015,4,5,95,2457118,7,2015,5,17,137,2457160,7
2329,32.354759,-110.939194,961,"AZ",210,"Carnegiea","gigantea","saguaro","Plantae",5653,516,"Fruits",2015,6,6,157,2457180,13,2015,6,28,179,2457202,28
6102,32.23188,-110.951012,743,"AZ",210,"Carnegiea","gigantea","saguaro","Plantae",16042,390,"Ripe fruits",2015,4,3,93,2457116,-9999,2015,8,31,243,2457266,3
6102,32.23188,-110.951012,743,"AZ",210,"Carnegiea","gigantea","saguaro","Plantae",16042,390,"Ripe fruits",2015,10,24,297,2457320,1,2015,10,24,297,2457320,2
6102,32.23188,-110.951012,743,"AZ",210,"Carnegiea","gigantea","saguaro","Plantae",16042,500,"Flowers or flower buds",2015,4,3,93,2457116,-9999,2015,8,31,243,2457266,3
6102,32.23188,-110.951012,743,"AZ",210,"Carnegiea","gigantea","saguaro","Plantae",16042,500,"Flowers or flower buds",2015,9,8,251,2457274,4,2015,9,8,251,2457274,2
6102,32.23188,-110.951012,743,"AZ",210,"Carnegiea","gigantea","saguaro","Plantae",16042,500,"Flowers or flower buds",2015,9,24,267,2457290,1,2015,9,24,267,2457290,2
6102,32.23188,-110.951012,743,"AZ",210,"Carnegiea","gigantea","saguaro","Plantae",16042,500,"Flowers or flower buds",2015,10,1,274,2457297,2,2015,10,1,274,2457297,1
6102,32.23188,-110.951012,743,"AZ",210,"Carnegiea","gigantea","saguaro","Plantae",16042,500,"Flowers or flower buds",2015,10,11,284,2457307,1,2015,10,11,284,2457307,2
6102,32.23188,-110.951012,743,"AZ",210,"Carnegiea","gigantea","saguaro","Plantae",16042,500,"Flowers or flower buds",2015,10,20,293,2457316,1,2015,10,20,293,2457316,1
6102,32.23188,-110.951012,743,"AZ",210,"Carnegiea","gigantea","saguaro","Plantae",16042,500,"Flowers or flower buds",2015,10,27,300,2457323,1,2015,10,27,300,2457323,1
6102,32.23188,-110.951012,743,"AZ",210,"Carnegiea","gigantea","saguaro","Plantae",16042,501,"Open flowers",2015,8,31,243,2457266,150,2015,8,31,243,2457266,3
6102,32.23188,-110.951012,743,"AZ",210,"Carnegiea","gigantea","saguaro","Plantae",16042,501,"Open flowers",2015,9,8,251,2457274,4,2015,9,8,251,2457274,2
6102,32.23188,-110.951012,743,"AZ",210,"Carnegiea","gigantea","saguaro","Plantae",16042,501,"Open flowers",2015,10,1,274,2457297,2,2015,10,1,274,2457297,1
6102,32.23188,-110.951012,743,"AZ",210,"Carnegiea","gigantea","saguaro","Plantae",16042,501,"Open flowers",2015,10,11,284,2457307,1,2015,10,11,284,2457307,2
6102,32.23188,-110.951012,743,"AZ",210,"Carnegiea","gigantea","saguaro","Plantae",16042,501,"Open flowers",2015,10,20,293,2457316,1,2015,10,20,293,2457316,1
6102,32.23188,-110.951012,743,"AZ",210,"Carnegiea","gigantea","saguaro","Plantae",16042,504,"Recent fruit or seed drop",2015,4,3,93,2457116,-9999,2015,4,3,93,2457116,150
6102,32.23188,-110.951012,743,"AZ",210,"Carnegiea","gigantea","saguaro","Plantae",16042,504,"Recent fruit or seed drop",2015,9,3,246,2457269,3,2015,9,3,246,2457269,1
6102,32.23188,-110.951012,743,"AZ",210,"Carnegiea","gigantea","saguaro","Plantae",16042,504,"Recent fruit or seed drop",2015,9,16,259,2457282,2,2015,9,16,259,2457282,1
6102,32.23188,-110.951012,743,"AZ",210,"Carnegiea","gigantea","saguaro","Plantae",16042,504,"Recent fruit or seed drop",2015,9,24,267,2457290,1,2015,9,24,267,2457290,2
6102,32.23188,-110.951012,743,"AZ",210,"Carnegiea","gigantea","saguaro","Plantae",16042,516,"Fruits",2015,8,31,243,2457266,150,2015,8,31,243,2457266,3
6102,32.23188,-110.951012,743,"AZ",210,"Carnegiea","gigantea","saguaro","Plantae",16042,516,"Fruits",2015,9,8,251,2457274,4,2015,9,8,251,2457274,2
6102,32.23188,-110.951012,743,"AZ",210,"Carnegiea","gigantea","saguaro","Plantae",16042,516,"Fruits",2015,10,11,284,2457307,1,2015,10,11,284,2457307,2
6102,32.23188,-110.951012,743,"AZ",210,"Carnegiea","gigantea","saguaro","Plantae",16042,516,"Fruits",2015,10,20,293,2457316,1,2015,10,20,293,2457316,1
6102,32.23188,-110.951012,743,"AZ",210,"Carnegiea","gigantea","saguaro","Plantae",16119,390,"Ripe fruits",2015,9,16,259,2457282,5,2015,9,16,259,2457282,1
6102,32.23188,-110.951012,743,"AZ",210,"Carnegiea","gigantea","saguaro","Plantae",16119,390,"Ripe fruits",2015,9,25,268,2457291,1,2015,9,25,268,2457291,5
6102,32.23188,-110.951012,743,"AZ",210,"Carnegiea","gigantea","saguaro","Plantae",16119,390,"Ripe fruits",2015,10,2,275,2457298,1,2015,10,2,275,2457298,4
6102,32.23188,-110.951012,743,"AZ",210,"Carnegiea","gigantea","saguaro","Plantae",16119,500,"Flowers or flower buds",2015,9,6,249,2457272,2,2015,9,9,252,2457275,1
6102,32.23188,-110.951012,743,"AZ",210,"Carnegiea","gigantea","saguaro","Plantae",16119,500,"Flowers or flower buds",2015,9,23,266,2457289,4,2015,9,23,266,2457289,1
6102,32.23188,-110.951012,743,"AZ",210,"Carnegiea","gigantea","saguaro","Plantae",16119,500,"Flowers or flower buds",2015,9,25,268,2457291,1,2015,9,30,273,2457296,1
6102,32.23188,-110.951012,743,"AZ",210,"Carnegiea","gigantea","saguaro","Plantae",16119,500,"Flowers or flower buds",2015,10,16,289,2457312,1,2015,10,16,289,2457312,3
6102,32.23188,-110.951012,743,"AZ",210,"Carnegiea","gigantea","saguaro","Plantae",16119,501,"Open flowers",2015,10,16,289,2457312,1,2015,10,16,289,2457312,3
6102,32.23188,-110.951012,743,"AZ",210,"Carnegiea","gigantea","saguaro","Plantae",16119,504,"Recent fruit or seed drop",2015,9,3,246,2457269,2,2015,9,3,246,2457269,3
6102,32.23188,-110.951012,743,"AZ",210,"Carnegiea","gigantea","saguaro","Plantae",16119,504,"Recent fruit or seed drop",2015,9,7,250,2457273,1,2015,9,7,250,2457273,2
6102,32.23188,-110.951012,743,"AZ",210,"Carnegiea","gigantea","saguaro","Plantae",16119,504,"Recent fruit or seed drop",2015,9,16,259,2457282,5,2015,9,16,259,2457282,1
6102,32.23188,-110.951012,743,"AZ",210,"Carnegiea","gigantea","saguaro","Plantae",16119,504,"Recent fruit or seed drop",2015,9,25,268,2457291,1,2015,9,25,268,2457291,5
6102,32.23188,-110.951012,743,"AZ",210,"Carnegiea","gigantea","saguaro","Plantae",16119,504,"Recent fruit or seed drop",2015,10,2,275,2457298,1,2015,10,2,275,2457298,4
6102,32.23188,-110.951012,743,"AZ",210,"Carnegiea","gigantea","saguaro","Plantae",16119,516,"Fruits",2015,9,16,259,2457282,5,2015,9,16,259,2457282,1
6102,32.23188,-110.951012,743,"AZ",210,"Carnegiea","gigantea","saguaro","Plantae",16119,516,"Fruits",2015,9,25,268,2457291,1,2015,9,25,268,2457291,5
6102,32.23188,-110.951012,743,"AZ",210,"Carnegiea","gigantea","saguaro","Plantae",16119,516,"Fruits",2015,10,2,275,2457298,1,2015,10,2,275,2457298,4
6102,32.23188,-110.951012,743,"AZ",210,"Carnegiea","gigantea","saguaro","Plantae",16119,516,"Fruits",2015,10,16,289,2457312,1,2015,10,16,289,2457312,3
6102,32.23188,-110.951012,743,"AZ",210,"Carnegiea","gigantea","saguaro","Plantae",16119,516,"Fruits",2015,10,22,295,2457318,1,2015,10,22,295,2457318,1
6102,32.23188,-110.951012,743,"AZ",210,"Carnegiea","gigantea","saguaro","Plantae",16120,390,"Ripe fruits",2015,8,31,243,2457266,-9999,2015,8,31,243,2457266,3
6102,32.23188,-110.951012,743,"AZ",210,"Carnegiea","gigantea","saguaro","Plantae",16120,390,"Ripe fruits",2015,9,30,273,2457296,1,2015,9,30,273,2457296,1
6102,32.23188,-110.951012,743,"AZ",210,"Carnegiea","gigantea","saguaro","Plantae",16120,500,"Flowers or flower buds",2015,8,31,243,2457266,-9999,2015,8,31,243,2457266,3
6102,32.23188,-110.951012,743,"AZ",210,"Carnegiea","gigantea","saguaro","Plantae",16120,501,"Open flowers",2015,8,31,243,2457266,-9999,2015,8,31,243,2457266,3
6102,32.23188,-110.951012,743,"AZ",210,"Carnegiea","gigantea","saguaro","Plantae",16120,504,"Recent fruit or seed drop",2015,9,3,246,2457269,3,2015,9,3,246,2457269,4
6102,32.23188,-110.951012,743,"AZ",210,"Carnegiea","gigantea","saguaro","Plantae",16120,504,"Recent fruit or seed drop",2015,9,10,253,2457276,1,2015,9,10,253,2457276,5
6102,32.23188,-110.951012,743,"AZ",210,"Carnegiea","gigantea","saguaro","Plantae",16120,504,"Recent fruit or seed drop",2015,9,17,260,2457283,1,2015,9,22,265,2457288,1
6102,32.23188,-110.951012,743,"AZ",210,"Carnegiea","gigantea","saguaro","Plantae",16120,504,"Recent fruit or seed drop",2015,9,29,272,2457295,1,2015,9,29,272,2457295,1
6102,32.23188,-110.951012,743,"AZ",210,"Carnegiea","gigantea","saguaro","Plantae",16120,504,"Recent fruit or seed drop",2015,10,8,281,2457304,1,2015,10,8,281,2457304,4
6102,32.23188,-110.951012,743,"AZ",210,"Carnegiea","gigantea","saguaro","Plantae",16120,504,"Recent fruit or seed drop",2015,10,15,288,2457311,1,2015,10,15,288,2457311,4
6102,32.23188,-110.951012,743,"AZ",210,"Carnegiea","gigantea","saguaro","Plantae",16120,504,"Recent fruit or seed drop",2015,10,28,301,2457324,1,2015,10,28,301,2457324,1
6102,32.23188,-110.951012,743,"AZ",210,"Carnegiea","gigantea","saguaro","Plantae",16120,504,"Recent fruit or seed drop",2015,11,3,307,2457330,1,2015,11,10,314,2457337,2
6102,32.23188,-110.951012,743,"AZ",210,"Carnegiea","gigantea","saguaro","Plantae",16120,504,"Recent fruit or seed drop",2015,11,19,323,2457346,2,2015,11,19,323,2457346,4
6102,32.23188,-110.951012,743,"AZ",210,"Carnegiea","gigantea","saguaro","Plantae",16120,504,"Recent fruit or seed drop",2015,12,3,337,2457360,10,2015,12,3,337,2457360,-9999
6102,32.23188,-110.951012,743,"AZ",210,"Carnegiea","gigantea","saguaro","Plantae",16120,516,"Fruits",2015,8,31,243,2457266,-9999,2015,8,31,243,2457266,3
6102,32.23188,-110.951012,743,"AZ",210,"Carnegiea","gigantea","saguaro","Plantae",16120,516,"Fruits",2015,9,17,260,2457283,1,2015,9,22,265,2457288,1
6102,32.23188,-110.951012,743,"AZ",210,"Carnegiea","gigantea","saguaro","Plantae",16120,516,"Fruits",2015,9,30,273,2457296,1,2015,9,30,273,2457296,1
6102,32.23188,-110.951012,743,"AZ",210,"Carnegiea","gigantea","saguaro","Plantae",16120,516,"Fruits",2015,10,8,281,2457304,1,2015,10,8,281,2457304,4
6102,32.23188,-110.951012,743,"AZ",210,"Carnegiea","gigantea","saguaro","Plantae",16121,390,"Ripe fruits",2015,8,31,243,2457266,-9999,2015,8,31,243,2457266,3
6102,32.23188,-110.951012,743,"AZ",210,"Carnegiea","gigantea","saguaro","Plantae",16121,500,"Flowers or flower buds",2015,8,31,243,2457266,-9999,2015,9,6,249,2457272,4
6102,32.23188,-110.951012,743,"AZ",210,"Carnegiea","gigantea","saguaro","Plantae",16121,500,"Flowers or flower buds",2015,9,12,255,2457278,1,2015,9,15,258,2457281,1
6102,32.23188,-110.951012,743,"AZ",210,"Carnegiea","gigantea","saguaro","Plantae",16121,500,"Flowers or flower buds",2015,9,17,260,2457283,1,2015,9,24,267,2457290,1
6102,32.23188,-110.951012,743,"AZ",210,"Carnegiea","gigantea","saguaro","Plantae",16121,500,"Flowers or flower buds",2015,9,26,269,2457292,1,2015,9,26,269,2457292,1
6102,32.23188,-110.951012,743,"AZ",210,"Carnegiea","gigantea","saguaro","Plantae",16121,500,"Flowers or flower buds",2015,9,28,271,2457294,1,2015,10,5,278,2457301,1
6102,32.23188,-110.951012,743,"AZ",210,"Carnegiea","gigantea","saguaro","Plantae",16121,500,"Flowers or flower buds",2015,10,9,282,2457305,1,2015,10,9,282,2457305,1
6102,32.23188,-110.951012,743,"AZ",210,"Carnegiea","gigantea","saguaro","Plantae",16121,500,"Flowers or flower buds",2015,10,14,287,2457310,2,2015,10,15,288,2457311,1
6102,32.23188,-110.951012,743,"AZ",210,"Carnegiea","gigantea","saguaro","Plantae",16121,501,"Open flowers",2015,8,31,243,2457266,-9999,2015,8,31,243,2457266,3
6102,32.23188,-110.951012,743,"AZ",210,"Carnegiea","gigantea","saguaro","Plantae",16121,501,"Open flowers",2015,9,19,262,2457285,1,2015,9,19,262,2457285,3
6102,32.23188,-110.951012,743,"AZ",210,"Carnegiea","gigantea","saguaro","Plantae",16121,501,"Open flowers",2015,9,26,269,2457292,1,2015,9,26,269,2457292,1
6102,32.23188,-110.951012,743,"AZ",210,"Carnegiea","gigantea","saguaro","Plantae",16121,501,"Open flowers",2015,10,1,274,2457297,1,2015,10,1,274,2457297,2
6102,32.23188,-110.951012,743,"AZ",210,"Carnegiea","gigantea","saguaro","Plantae",16121,504,"Recent fruit or seed drop",2015,9,3,246,2457269,3,2015,9,3,246,2457269,3
6102,32.23188,-110.951012,743,"AZ",210,"Carnegiea","gigantea","saguaro","Plantae",16121,504,"Recent fruit or seed drop",2015,9,19,262,2457285,1,2015,9,19,262,2457285,3
6102,32.23188,-110.951012,743,"AZ",210,"Carnegiea","gigantea","saguaro","Plantae",16121,504,"Recent fruit or seed drop",2015,9,26,269,2457292,1,2015,9,27,270,2457293,1
6102,32.23188,-110.951012,743,"AZ",210,"Carnegiea","gigantea","saguaro","Plantae",16121,504,"Recent fruit or seed drop",2015,10,1,274,2457297,1,2015,10,3,276,2457299,2
6102,32.23188,-110.951012,743,"AZ",210,"Carnegiea","gigantea","saguaro","Plantae",16121,504,"Recent fruit or seed drop",2015,10,9,282,2457305,1,2015,10,9,282,2457305,1
6102,32.23188,-110.951012,743,"AZ",210,"Carnegiea","gigantea","saguaro","Plantae",16121,504,"Recent fruit or seed drop",2015,10,14,287,2457310,2,2015,10,14,287,2457310,1
6102,32.23188,-110.951012,743,"AZ",210,"Carnegiea","gigantea","saguaro","Plantae",16121,504,"Recent fruit or seed drop",2015,10,22,295,2457318,1,2015,10,22,295,2457318,1
6102,32.23188,-110.951012,743,"AZ",210,"Carnegiea","gigantea","saguaro","Plantae",16121,516,"Fruits",2015,8,31,243,2457266,-9999,2015,8,31,243,2457266,3
6102,32.23188,-110.951012,743,"AZ",210,"Carnegiea","gigantea","saguaro","Plantae",16121,516,"Fruits",2015,10,20,293,2457316,1,2015,10,20,293,2457316,1
1918,32.37611,-110.997795,748,"AZ",210,"Carnegiea","gigantea","saguaro","Plantae",39257,500,"Flowers or flower buds",2015,4,19,109,2457132,7,2015,5,24,144,2457167,7
1918,32.37611,-110.997795,748,"AZ",210,"Carnegiea","gigantea","saguaro","Plantae",39257,500,"Flowers or flower buds",2015,6,13,164,2457187,5,2015,7,7,188,2457211,18
1918,32.37611,-110.997795,748,"AZ",210,"Carnegiea","gigantea","saguaro","Plantae",39257,501,"Open flowers",2015,5,11,131,2457154,1,2015,5,11,131,2457154,7
1918,32.37611,-110.997795,748,"AZ",210,"Carnegiea","gigantea","saguaro","Plantae",39257,501,"Open flowers",2015,6,23,174,2457197,3,2015,6,30,181,2457204,1
1918,32.37611,-110.997795,748,"AZ",210,"Carnegiea","gigantea","saguaro","Plantae",39257,516,"Fruits",2015,5,18,138,2457161,7,2015,6,20,171,2457194,3
1918,32.37611,-110.997795,748,"AZ",210,"Carnegiea","gigantea","saguaro","Plantae",39257,516,"Fruits",2015,7,1,182,2457205,1,2015,7,7,188,2457211,18
1918,32.37611,-110.997795,748,"AZ",210,"Carnegiea","gigantea","saguaro","Plantae",39258,390,"Ripe fruits",2015,6,13,164,2457187,5,2015,6,13,164,2457187,7
1918,32.37611,-110.997795,748,"AZ",210,"Carnegiea","gigantea","saguaro","Plantae",39258,500,"Flowers or flower buds",2015,4,12,102,2457125,7,2015,5,10,130,2457153,8
1918,32.37611,-110.997795,748,"AZ",210,"Carnegiea","gigantea","saguaro","Plantae",39258,500,"Flowers or flower buds",2015,6,8,159,2457182,8,2015,6,8,159,2457182,5
1918,32.37611,-110.997795,748,"AZ",210,"Carnegiea","gigantea","saguaro","Plantae",39258,500,"Flowers or flower buds",2015,6,20,171,2457194,7,2015,6,30,181,2457204,1
1918,32.37611,-110.997795,748,"AZ",210,"Carnegiea","gigantea","saguaro","Plantae",39258,501,"Open flowers",2015,4,28,118,2457141,2,2015,5,10,130,2457153,8
1918,32.37611,-110.997795,748,"AZ",210,"Carnegiea","gigantea","saguaro","Plantae",39258,501,"Open flowers",2015,6,23,174,2457197,3,2015,6,23,174,2457197,7
1918,32.37611,-110.997795,748,"AZ",210,"Carnegiea","gigantea","saguaro","Plantae",39258,504,"Recent fruit or seed drop",2015,6,20,171,2457194,7,2015,6,20,171,2457194,3
1918,32.37611,-110.997795,748,"AZ",210,"Carnegiea","gigantea","saguaro","Plantae",39258,516,"Fruits",2015,5,18,138,2457161,8,2015,6,13,164,2457187,7
11587,33.462444,-111.944618,391,"AZ",210,"Carnegiea","gigantea","saguaro","Plantae",48315,390,"Ripe fruits",2015,7,19,200,2457223,8,2015,7,19,200,2457223,30
11587,33.462444,-111.944618,391,"AZ",210,"Carnegiea","gigantea","saguaro","Plantae",48315,390,"Ripe fruits",2015,8,23,235,2457258,5,2015,8,23,235,2457258,7
11587,33.462444,-111.944618,391,"AZ",210,"Carnegiea","gigantea","saguaro","Plantae",48315,390,"Ripe fruits",2015,9,6,249,2457272,7,2015,9,6,249,2457272,7
11587,33.462444,-111.944618,391,"AZ",210,"Carnegiea","gigantea","saguaro","Plantae",48315,500,"Flowers or flower buds",2015,4,12,102,2457125,5,2015,7,5,186,2457209,6
11587,33.462444,-111.944618,391,"AZ",210,"Carnegiea","gigantea","saguaro","Plantae",48315,501,"Open flowers",2015,5,12,132,2457155,21,2015,6,2,153,2457176,2
11587,33.462444,-111.944618,391,"AZ",210,"Carnegiea","gigantea","saguaro","Plantae",48315,501,"Open flowers",2015,6,21,172,2457195,17,2015,7,5,186,2457209,6
11587,33.462444,-111.944618,391,"AZ",210,"Carnegiea","gigantea","saguaro","Plantae",48315,516,"Fruits",2015,5,12,132,2457155,21,2015,9,13,256,2457279,9
11587,33.462444,-111.944618,391,"AZ",210,"Carnegiea","gigantea","saguaro","Plantae",48769,500,"Flowers or flower buds",2015,4,14,104,2457127,8,2015,5,29,149,2457172,100
11587,33.462444,-111.944618,391,"AZ",210,"Carnegiea","gigantea","saguaro","Plantae",48769,501,"Open flowers",2015,5,14,134,2457157,16,2015,5,29,149,2457172,100
11587,33.462444,-111.944618,391,"AZ",210,"Carnegiea","gigantea","saguaro","Plantae",48769,516,"Fruits",2015,5,19,139,2457162,5,2015,5,29,149,2457172,100
11587,33.462444,-111.944618,391,"AZ",210,"Carnegiea","gigantea","saguaro","Plantae",48770,390,"Ripe fruits",2015,6,21,172,2457195,17,2015,6,28,179,2457202,7
11587,33.462444,-111.944618,391,"AZ",210,"Carnegiea","gigantea","saguaro","Plantae",48770,500,"Flowers or flower buds",2015,3,29,88,2457111,1,2015,3,29,88,2457111,1
11587,33.462444,-111.944618,391,"AZ",210,"Carnegiea","gigantea","saguaro","Plantae",48770,500,"Flowers or flower buds",2015,3,31,90,2457113,1,2015,6,2,153,2457176,2
11587,33.462444,-111.944618,391,"AZ",210,"Carnegiea","gigantea","saguaro","Plantae",48770,500,"Flowers or flower buds",2015,7,5,186,2457209,7,2015,7,5,186,2457209,6
11587,33.462444,-111.944618,391,"AZ",210,"Carnegiea","gigantea","saguaro","Plantae",48770,501,"Open flowers",2015,4,18,108,2457131,11,2015,6,2,153,2457176,2
11587,33.462444,-111.944618,391,"AZ",210,"Carnegiea","gigantea","saguaro","Plantae",48770,516,"Fruits",2015,5,12,132,2457155,5,2015,6,28,179,2457202,7
11587,33.462444,-111.944618,391,"AZ",210,"Carnegiea","gigantea","saguaro","Plantae",48771,390,"Ripe fruits",2015,6,21,172,2457195,17,2015,6,28,179,2457202,7
11587,33.462444,-111.944618,391,"AZ",210,"Carnegiea","gigantea","saguaro","Plantae",48771,500,"Flowers or flower buds",2015,3,31,90,2457113,1,2015,5,21,141,2457164,12
11587,33.462444,-111.944618,391,"AZ",210,"Carnegiea","gigantea","saguaro","Plantae",48771,501,"Open flowers",2015,4,7,97,2457120,5,2015,4,7,97,2457120,9
11587,33.462444,-111.944618,391,"AZ",210,"Carnegiea","gigantea","saguaro","Plantae",48771,501,"Open flowers",2015,4,18,108,2457131,2,2015,5,17,137,2457160,4
11587,33.462444,-111.944618,391,"AZ",210,"Carnegiea","gigantea","saguaro","Plantae",48771,516,"Fruits",2015,4,21,111,2457134,3,2015,4,21,111,2457134,13
11587,33.462444,-111.944618,391,"AZ",210,"Carnegiea","gigantea","saguaro","Plantae",48771,516,"Fruits",2015,5,12,132,2457155,5,2015,6,28,179,2457202,7
12064,32.248463,-110.909584,746,"AZ",210,"Carnegiea","gigantea","saguaro","Plantae",50754,500,"Flowers or flower buds",2015,5,6,126,2457149,13,2015,5,15,135,2457158,152
12064,32.248463,-110.909584,746,"AZ",210,"Carnegiea","gigantea","saguaro","Plantae",50754,504,"Recent fruit or seed drop",2015,10,14,287,2457310,152,2015,10,29,302,2457325,14
12064,32.248463,-110.909584,746,"AZ",210,"Carnegiea","gigantea","saguaro","Plantae",50755,500,"Flowers or flower buds",2015,5,6,126,2457149,13,2015,5,15,135,2457158,152
12064,32.248463,-110.909584,746,"AZ",210,"Carnegiea","gigantea","saguaro","Plantae",50755,501,"Open flowers",2015,5,15,135,2457158,9,2015,5,15,135,2457158,152
12064,32.248463,-110.909584,746,"AZ",210,"Carnegiea","gigantea","saguaro","Plantae",50755,504,"Recent fruit or seed drop",2015,10,14,287,2457310,152,2015,10,29,302,2457325,14
16831,32.279629,-111.021172,689,"AZ",210,"Carnegiea","gigantea","saguaro","Plantae",64038,500,"Flowers or flower buds",2015,4,1,91,2457114,32,2015,5,13,133,2457156,148
16831,32.279629,-111.021172,689,"AZ",210,"Carnegiea","gigantea","saguaro","Plantae",64038,500,"Flowers or flower buds",2015,11,24,328,2457351,1,2015,11,24,328,2457351,-9999
16831,32.279629,-111.021172,689,"AZ",210,"Carnegiea","gigantea","saguaro","Plantae",64038,501,"Open flowers",2015,5,13,133,2457156,13,2015,5,13,133,2457156,148
16831,32.279629,-111.021172,689,"AZ",210,"Carnegiea","gigantea","saguaro","Plantae",64038,516,"Fruits",2015,11,24,328,2457351,1,2015,11,24,328,2457351,-9999
16831,32.279629,-111.021172,689,"AZ",210,"Carnegiea","gigantea","saguaro","Plantae",64039,500,"Flowers or flower buds",2015,4,1,91,2457114,32,2015,4,26,116,2457139,4
16831,32.279629,-111.021172,689,"AZ",210,"Carnegiea","gigantea","saguaro","Plantae",64039,500,"Flowers or flower buds",2015,10,21,294,2457317,12,2015,10,21,294,2457317,1
16831,32.279629,-111.021172,689,"AZ",210,"Carnegiea","gigantea","saguaro","Plantae",64039,504,"Recent fruit or seed drop",2015,10,21,294,2457317,12,2015,10,21,294,2457317,1
16831,32.279629,-111.021172,689,"AZ",210,"Carnegiea","gigantea","saguaro","Plantae",64039,516,"Fruits",2015,4,3,93,2457116,2,2015,4,3,93,2457116,23
16831,32.279629,-111.021172,689,"AZ",210,"Carnegiea","gigantea","saguaro","Plantae",64039,516,"Fruits",2015,10,21,294,2457317,12,2015,10,21,294,2457317,1
6102,32.23188,-110.951012,743,"AZ",210,"Carnegiea","gigantea","saguaro","Plantae",16042,500,"Flowers or flower buds",2016,9,21,265,2457653,21,2016,9,21,265,2457653,7
6102,32.23188,-110.951012,743,"AZ",210,"Carnegiea","gigantea","saguaro","Plantae",16119,504,"Recent fruit or seed drop",2016,11,1,306,2457694,6,2016,11,8,313,2457701,6
6102,32.23188,-110.951012,743,"AZ",210,"Carnegiea","gigantea","saguaro","Plantae",16120,390,"Ripe fruits",2016,10,16,290,2457678,5,2016,10,16,290,2457678,4
6102,32.23188,-110.951012,743,"AZ",210,"Carnegiea","gigantea","saguaro","Plantae",16120,390,"Ripe fruits",2016,10,26,300,2457688,6,2016,10,26,300,2457688,8
6102,32.23188,-110.951012,743,"AZ",210,"Carnegiea","gigantea","saguaro","Plantae",16120,500,"Flowers or flower buds",2016,5,23,144,2457532,88,2016,5,23,144,2457532,63
6102,32.23188,-110.951012,743,"AZ",210,"Carnegiea","gigantea","saguaro","Plantae",16120,500,"Flowers or flower buds",2016,9,13,257,2457645,10,2016,9,13,257,2457645,7
6102,32.23188,-110.951012,743,"AZ",210,"Carnegiea","gigantea","saguaro","Plantae",16120,501,"Open flowers",2016,5,23,144,2457532,66,2016,5,23,144,2457532,63
6102,32.23188,-110.951012,743,"AZ",210,"Carnegiea","gigantea","saguaro","Plantae",16120,504,"Recent fruit or seed drop",2016,11,18,323,2457711,2,2016,11,21,326,2457714,1
6102,32.23188,-110.951012,743,"AZ",210,"Carnegiea","gigantea","saguaro","Plantae",16120,516,"Fruits",2016,9,20,264,2457652,7,2016,9,20,264,2457652,2
6102,32.23188,-110.951012,743,"AZ",210,"Carnegiea","gigantea","saguaro","Plantae",16120,516,"Fruits",2016,10,11,285,2457673,5,2016,10,11,285,2457673,5
6102,32.23188,-110.951012,743,"AZ",210,"Carnegiea","gigantea","saguaro","Plantae",16120,516,"Fruits",2016,11,18,323,2457711,2,2016,11,21,326,2457714,1
6102,32.23188,-110.951012,743,"AZ",210,"Carnegiea","gigantea","saguaro","Plantae",16121,390,"Ripe fruits",2016,9,9,253,2457641,2,2016,9,9,253,2457641,5
6102,32.23188,-110.951012,743,"AZ",210,"Carnegiea","gigantea","saguaro","Plantae",16121,500,"Flowers or flower buds",2016,5,23,144,2457532,96,2016,5,23,144,2457532,14
6102,32.23188,-110.951012,743,"AZ",210,"Carnegiea","gigantea","saguaro","Plantae",16121,500,"Flowers or flower buds",2016,9,9,253,2457641,2,2016,9,14,258,2457646,1
6102,32.23188,-110.951012,743,"AZ",210,"Carnegiea","gigantea","saguaro","Plantae",16121,500,"Flowers or flower buds",2016,9,16,260,2457648,1,2016,9,16,260,2457648,1
6102,32.23188,-110.951012,743,"AZ",210,"Carnegiea","gigantea","saguaro","Plantae",16121,501,"Open flowers",2016,5,23,144,2457532,96,2016,5,23,144,2457532,14
6102,32.23188,-110.951012,743,"AZ",210,"Carnegiea","gigantea","saguaro","Plantae",16121,501,"Open flowers",2016,9,9,253,2457641,2,2016,9,14,258,2457646,1
6102,32.23188,-110.951012,743,"AZ",210,"Carnegiea","gigantea","saguaro","Plantae",16121,504,"Recent fruit or seed drop",2016,9,9,253,2457641,2,2016,9,9,253,2457641,5
6102,32.23188,-110.951012,743,"AZ",210,"Carnegiea","gigantea","saguaro","Plantae",16121,516,"Fruits",2016,6,6,158,2457546,14,2016,6,6,158,2457546,20
6102,32.23188,-110.951012,743,"AZ",210,"Carnegiea","gigantea","saguaro","Plantae",16121,516,"Fruits",2016,8,30,243,2457631,1,2016,8,30,243,2457631,1
6102,32.23188,-110.951012,743,"AZ",210,"Carnegiea","gigantea","saguaro","Plantae",16121,516,"Fruits",2016,9,14,258,2457646,5,2016,9,14,258,2457646,1
1918,32.37611,-110.997795,748,"AZ",210,"Carnegiea","gigantea","saguaro","Plantae",39257,390,"Ripe fruits",2016,6,14,166,2457554,2,2016,7,3,185,2457573,6
1918,32.37611,-110.997795,748,"AZ",210,"Carnegiea","gigantea","saguaro","Plantae",39257,500,"Flowers or flower buds",2016,4,7,98,2457486,3,2016,7,3,185,2457573,6
1918,32.37611,-110.997795,748,"AZ",210,"Carnegiea","gigantea","saguaro","Plantae",39257,501,"Open flowers",2016,5,6,127,2457515,3,2016,6,18,170,2457558,7
1918,32.37611,-110.997795,748,"AZ",210,"Carnegiea","gigantea","saguaro","Plantae",39257,504,"Recent fruit or seed drop",2016,6,25,177,2457565,7,2016,7,9,191,2457579,8
1918,32.37611,-110.997795,748,"AZ",210,"Carnegiea","gigantea","saguaro","Plantae",39257,516,"Fruits",2016,5,6,127,2457515,12,2016,7,9,191,2457579,8
1918,32.37611,-110.997795,748,"AZ",210,"Carnegiea","gigantea","saguaro","Plantae",39258,390,"Ripe fruits",2016,6,3,155,2457543,5,2016,6,25,177,2457565,8
1918,32.37611,-110.997795,748,"AZ",210,"Carnegiea","gigantea","saguaro","Plantae",39258,500,"Flowers or flower buds",2016,3,26,86,2457474,5,2016,7,3,185,2457573,6
1918,32.37611,-110.997795,748,"AZ",210,"Carnegiea","gigantea","saguaro","Plantae",39258,501,"Open flowers",2016,4,9,100,2457488,5,2016,5,21,142,2457530,8
1918,32.37611,-110.997795,748,"AZ",210,"Carnegiea","gigantea","saguaro","Plantae",39258,501,"Open flowers",2016,6,18,170,2457558,6,2016,6,18,170,2457558,7
1918,32.37611,-110.997795,748,"AZ",210,"Carnegiea","gigantea","saguaro","Plantae",39258,504,"Recent fruit or seed drop",2016,6,5,157,2457545,2,2016,7,9,191,2457579,8
1918,32.37611,-110.997795,748,"AZ",210,"Carnegiea","gigantea","saguaro","Plantae",39258,516,"Fruits",2016,5,3,124,2457512,9,2016,6,25,177,2457565,8
11587,33.462444,-111.944618,391,"AZ",210,"Carnegiea","gigantea","saguaro","Plantae",48769,390,"Ripe fruits",2016,6,12,164,2457552,7,2016,6,12,164,2457552,7
11587,33.462444,-111.944618,391,"AZ",210,"Carnegiea","gigantea","saguaro","Plantae",48769,390,"Ripe fruits",2016,6,26,178,2457566,7,2016,7,3,185,2457573,7
11587,33.462444,-111.944618,391,"AZ",210,"Carnegiea","gigantea","saguaro","Plantae",48769,500,"Flowers or flower buds",2016,5,8,129,2457517,35,2016,7,3,185,2457573,7
11587,33.462444,-111.944618,391,"AZ",210,"Carnegiea","gigantea","saguaro","Plantae",48769,501,"Open flowers",2016,5,8,129,2457517,35,2016,6,12,164,2457552,7
11587,33.462444,-111.944618,391,"AZ",210,"Carnegiea","gigantea","saguaro","Plantae",48769,516,"Fruits",2016,5,15,136,2457524,7,2016,7,3,185,2457573,7
11587,33.462444,-111.944618,391,"AZ",210,"Carnegiea","gigantea","saguaro","Plantae",48770,390,"Ripe fruits",2016,6,8,160,2457548,3,2016,7,3,185,2457573,7
11587,33.462444,-111.944618,391,"AZ",210,"Carnegiea","gigantea","saguaro","Plantae",48770,500,"Flowers or flower buds",2016,3,20,80,2457468,7,2016,3,20,80,2457468,6
11587,33.462444,-111.944618,391,"AZ",210,"Carnegiea","gigantea","saguaro","Plantae",48770,500,"Flowers or flower buds",2016,3,27,87,2457475,1,2016,6,5,157,2457545,3
11587,33.462444,-111.944618,391,"AZ",210,"Carnegiea","gigantea","saguaro","Plantae",48770,500,"Flowers or flower buds",2016,6,19,171,2457559,4,2016,6,26,178,2457566,7
11587,33.462444,-111.944618,391,"AZ",210,"Carnegiea","gigantea","saguaro","Plantae",48770,501,"Open flowers",2016,4,16,107,2457495,13,2016,5,15,136,2457524,6
11587,33.462444,-111.944618,391,"AZ",210,"Carnegiea","gigantea","saguaro","Plantae",48770,501,"Open flowers",2016,5,22,143,2457531,1,2016,5,22,143,2457531,6
11587,33.462444,-111.944618,391,"AZ",210,"Carnegiea","gigantea","saguaro","Plantae",48770,501,"Open flowers",2016,5,29,150,2457538,1,2016,5,29,150,2457538,3
11587,33.462444,-111.944618,391,"AZ",210,"Carnegiea","gigantea","saguaro","Plantae",48770,501,"Open flowers",2016,6,5,157,2457545,4,2016,6,5,157,2457545,3
11587,33.462444,-111.944618,391,"AZ",210,"Carnegiea","gigantea","saguaro","Plantae",48770,501,"Open flowers",2016,6,26,178,2457566,7,2016,6,26,178,2457566,7
11587,33.462444,-111.944618,391,"AZ",210,"Carnegiea","gigantea","saguaro","Plantae",48770,504,"Recent fruit or seed drop",2016,6,8,160,2457548,7,2016,6,15,167,2457555,25
11587,33.462444,-111.944618,391,"AZ",210,"Carnegiea","gigantea","saguaro","Plantae",48770,504,"Recent fruit or seed drop",2016,7,27,209,2457597,3,2016,7,27,209,2457597,4
11587,33.462444,-111.944618,391,"AZ",210,"Carnegiea","gigantea","saguaro","Plantae",48770,516,"Fruits",2016,5,5,126,2457514,19,2016,5,5,126,2457514,3
11587,33.462444,-111.944618,391,"AZ",210,"Carnegiea","gigantea","saguaro","Plantae",48770,516,"Fruits",2016,5,14,135,2457523,6,2016,7,3,185,2457573,7
11587,33.462444,-111.944618,391,"AZ",210,"Carnegiea","gigantea","saguaro","Plantae",48771,390,"Ripe fruits",2016,5,28,149,2457537,6,2016,5,28,149,2457537,1
11587,33.462444,-111.944618,391,"AZ",210,"Carnegiea","gigantea","saguaro","Plantae",48771,390,"Ripe fruits",2016,6,5,157,2457545,7,2016,6,12,164,2457552,7
11587,33.462444,-111.944618,391,"AZ",210,"Carnegiea","gigantea","saguaro","Plantae",48771,500,"Flowers or flower buds",2016,3,20,80,2457468,7,2016,5,8,129,2457517,6
11587,33.462444,-111.944618,391,"AZ",210,"Carnegiea","gigantea","saguaro","Plantae",48771,500,"Flowers or flower buds",2016,5,15,136,2457524,1,2016,5,15,136,2457524,6
11587,33.462444,-111.944618,391,"AZ",210,"Carnegiea","gigantea","saguaro","Plantae",48771,500,"Flowers or flower buds",2016,5,22,143,2457531,1,2016,5,22,143,2457531,6
11587,33.462444,-111.944618,391,"AZ",210,"Carnegiea","gigantea","saguaro","Plantae",48771,501,"Open flowers",2016,5,5,126,2457514,32,2016,5,8,129,2457517,6
11587,33.462444,-111.944618,391,"AZ",210,"Carnegiea","gigantea","saguaro","Plantae",48771,516,"Fruits",2016,5,5,126,2457514,32,2016,5,5,126,2457514,3
11587,33.462444,-111.944618,391,"AZ",210,"Carnegiea","gigantea","saguaro","Plantae",48771,516,"Fruits",2016,5,14,135,2457523,6,2016,6,26,178,2457566,7
12064,32.248463,-110.909584,746,"AZ",210,"Carnegiea","gigantea","saguaro","Plantae",50754,500,"Flowers or flower buds",2016,5,23,144,2457532,61,2016,5,23,144,2457532,64
12064,32.248463,-110.909584,746,"AZ",210,"Carnegiea","gigantea","saguaro","Plantae",50754,501,"Open flowers",2016,5,23,144,2457532,61,2016,5,23,144,2457532,64
12064,32.248463,-110.909584,746,"AZ",210,"Carnegiea","gigantea","saguaro","Plantae",50754,516,"Fruits",2016,5,23,144,2457532,61,2016,5,23,144,2457532,64
12064,32.248463,-110.909584,746,"AZ",210,"Carnegiea","gigantea","saguaro","Plantae",50755,500,"Flowers or flower buds",2016,5,23,144,2457532,61,2016,5,23,144,2457532,64
12064,32.248463,-110.909584,746,"AZ",210,"Carnegiea","gigantea","saguaro","Plantae",50755,501,"Open flowers",2016,5,23,144,2457532,61,2016,5,23,144,2457532,64
12064,32.248463,-110.909584,746,"AZ",210,"Carnegiea","gigantea","saguaro","Plantae",50755,516,"Fruits",2016,5,23,144,2457532,61,2016,5,23,144,2457532,64
16173,33.407257,-111.987427,342,"AZ",210,"Carnegiea","gigantea","saguaro","Plantae",59544,504,"Recent fruit or seed drop",2016,10,7,281,2457669,-9999,2016,10,7,281,2457669,1
16831,32.279629,-111.021172,689,"AZ",210,"Carnegiea","gigantea","saguaro","Plantae",64038,504,"Recent fruit or seed drop",2016,2,10,41,2457429,-9999,2016,2,10,41,2457429,2
16831,32.279629,-111.021172,689,"AZ",210,"Carnegiea","gigantea","saguaro","Plantae",64038,516,"Fruits",2016,6,9,161,2457549,118,2016,6,9,161,2457549,132
18280,32.225227,-111.001068,722,"AZ",210,"Carnegiea","gigantea","saguaro","Plantae",72158,500,"Flowers or flower buds",2016,7,17,199,2457587,-9999,2016,7,17,199,2457587,-9999
11587,33.462444,-111.944618,391,"AZ",210,"Carnegiea","gigantea","saguaro","Plantae",97607,390,"Ripe fruits",2016,6,5,157,2457545,7,2016,7,3,185,2457573,7
11587,33.462444,-111.944618,391,"AZ",210,"Carnegiea","gigantea","saguaro","Plantae",97607,500,"Flowers or flower buds",2016,4,3,94,2457482,8,2016,6,22,174,2457562,4
11587,33.462444,-111.944618,391,"AZ",210,"Carnegiea","gigantea","saguaro","Plantae",97607,501,"Open flowers",2016,4,28,119,2457507,25,2016,6,12,164,2457552,7
11587,33.462444,-111.944618,391,"AZ",210,"Carnegiea","gigantea","saguaro","Plantae",97607,516,"Fruits",2016,4,28,119,2457507,25,2016,4,28,119,2457507,10
11587,33.462444,-111.944618,391,"AZ",210,"Carnegiea","gigantea","saguaro","Plantae",97607,516,"Fruits",2016,5,14,135,2457523,6,2016,7,3,185,2457573,7
22311,32.33926,-110.981728,765,"AZ",210,"Carnegiea","gigantea","saguaro","Plantae",98816,500,"Flowers or flower buds",2016,4,6,97,2457485,7,2016,6,24,176,2457564,30
22311,32.33926,-110.981728,765,"AZ",210,"Carnegiea","gigantea","saguaro","Plantae",98816,501,"Open flowers",2016,5,25,146,2457534,7,2016,5,25,146,2457534,9
22311,32.33926,-110.981728,765,"AZ",210,"Carnegiea","gigantea","saguaro","Plantae",98816,501,"Open flowers",2016,6,17,169,2457557,7,2016,6,17,169,2457557,7
22311,32.33926,-110.981728,765,"AZ",210,"Carnegiea","gigantea","saguaro","Plantae",98816,516,"Fruits",2016,6,10,162,2457550,7,2016,6,24,176,2457564,30
22334,33.571148,-112.877686,384,"AZ",210,"Carnegiea","gigantea","saguaro","Plantae",99148,390,"Ripe fruits",2016,6,5,157,2457545,8,2016,6,12,164,2457552,7
22334,33.571148,-112.877686,384,"AZ",210,"Carnegiea","gigantea","saguaro","Plantae",99148,390,"Ripe fruits",2016,6,24,176,2457564,5,2016,6,24,176,2457564,17
22334,33.571148,-112.877686,384,"AZ",210,"Carnegiea","gigantea","saguaro","Plantae",99148,500,"Flowers or flower buds",2016,4,9,100,2457488,9,2016,6,5,157,2457545,7
22334,33.571148,-112.877686,384,"AZ",210,"Carnegiea","gigantea","saguaro","Plantae",99148,501,"Open flowers",2016,4,30,121,2457509,6,2016,5,28,149,2457537,8
22334,33.571148,-112.877686,384,"AZ",210,"Carnegiea","gigantea","saguaro","Plantae",99148,504,"Recent fruit or seed drop",2016,6,5,157,2457545,8,2016,7,11,193,2457581,7
22334,33.571148,-112.877686,384,"AZ",210,"Carnegiea","gigantea","saguaro","Plantae",99148,516,"Fruits",2016,5,7,128,2457516,7,2016,6,24,176,2457564,17
22334,33.571148,-112.877686,384,"AZ",210,"Carnegiea","gigantea","saguaro","Plantae",99166,390,"Ripe fruits",2016,6,12,164,2457552,7,2016,6,24,176,2457564,17
22334,33.571148,-112.877686,384,"AZ",210,"Carnegiea","gigantea","saguaro","Plantae",99166,500,"Flowers or flower buds",2016,4,9,100,2457488,9,2016,6,5,157,2457545,7
22334,33.571148,-112.877686,384,"AZ",210,"Carnegiea","gigantea","saguaro","Plantae",99166,500,"Flowers or flower buds",2016,6,24,176,2457564,5,2016,7,24,206,2457594,6
22334,33.571148,-112.877686,384,"AZ",210,"Carnegiea","gigantea","saguaro","Plantae",99166,501,"Open flowers",2016,4,24,115,2457503,4,2016,6,5,157,2457545,7
22334,33.571148,-112.877686,384,"AZ",210,"Carnegiea","gigantea","saguaro","Plantae",99166,504,"Recent fruit or seed drop",2016,6,12,164,2457552,7,2016,7,18,200,2457588,6
22334,33.571148,-112.877686,384,"AZ",210,"Carnegiea","gigantea","saguaro","Plantae",99166,504,"Recent fruit or seed drop",2016,7,30,212,2457600,6,2016,7,30,212,2457600,8
22334,33.571148,-112.877686,384,"AZ",210,"Carnegiea","gigantea","saguaro","Plantae",99166,516,"Fruits",2016,4,30,121,2457509,6,2016,6,24,176,2457564,17
23701,33.569332,-112.506729,456,"AZ",210,"Carnegiea","gigantea","saguaro","Plantae",111726,390,"Ripe fruits",2016,5,29,150,2457538,-9999,2016,5,29,150,2457538,-9999
23701,33.569332,-112.506729,456,"AZ",210,"Carnegiea","gigantea","saguaro","Plantae",111726,500,"Flowers or flower buds",2016,5,29,150,2457538,-9999,2016,5,29,150,2457538,-9999
23701,33.569332,-112.506729,456,"AZ",210,"Carnegiea","gigantea","saguaro","Plantae",111726,501,"Open flowers",2016,5,29,150,2457538,-9999,2016,5,29,150,2457538,-9999
23701,33.569332,-112.506729,456,"AZ",210,"Carnegiea","gigantea","saguaro","Plantae",111726,504,"Recent fruit or seed drop",2016,5,29,150,2457538,-9999,2016,5,29,150,2457538,-9999
23701,33.569332,-112.506729,456,"AZ",210,"Carnegiea","gigantea","saguaro","Plantae",111726,516,"Fruits",2016,5,29,150,2457538,-9999,2016,5,29,150,2457538,-9999
24669,33.477291,-111.67395,500,"AZ",210,"Carnegiea","gigantea","saguaro","Plantae",116936,504,"Recent fruit or seed drop",2016,10,24,298,2457686,-9999,2016,10,24,298,2457686,-9999
24702,33.76149,-111.842232,828,"AZ",210,"Carnegiea","gigantea","saguaro","Plantae",117036,516,"Fruits",2016,11,8,313,2457701,11,2016,11,8,313,2457701,2
24702,33.76149,-111.842232,828,"AZ",210,"Carnegiea","gigantea","saguaro","Plantae",117038,390,"Ripe fruits",2016,11,13,318,2457706,3,2016,11,13,318,2457706,1
24702,33.76149,-111.842232,828,"AZ",210,"Carnegiea","gigantea","saguaro","Plantae",117038,516,"Fruits",2016,11,13,318,2457706,3,2016,11,13,318,2457706,1
24705,33.600445,-111.811867,533,"AZ",210,"Carnegiea","gigantea","saguaro","Plantae",117062,500,"Flowers or flower buds",2016,11,14,319,2457707,5,2016,11,14,319,2457707,4
22311,32.33926,-110.981728,765,"AZ",210,"Carnegiea","gigantea","saguaro","Plantae",118195,390,"Ripe fruits",2016,12,26,361,2457749,3,2016,12,26,361,2457749,2
22311,32.33926,-110.981728,765,"AZ",210,"Carnegiea","gigantea","saguaro","Plantae",118195,516,"Fruits",2016,12,26,361,2457749,3,2016,12,26,361,2457749,2
